passenger_id,first_name,last_name,age,gender,email,phone,aadhaar_id,date_of_birth
P1000,Vivaan,Chatterjee,52,F,v***@gmail.com,+91-6896XXXX90,9c1cb29d95fd9822,1974-04-08
P1001,Krishna,Reddy,15,M,k***@hotmail.com,+91-6702XXXX97,10fce38c0e4d9ce9,2011-03-07
P1002,Myra,Naidu,72,M,m***@outlook.com,+91-6199XXXX92,371798f201337f71,1954-09-10
P1003,Myra,Mishra,61,F,m***@hotmail.com,+91-8719XXXX51,459c0918f8dc1924,1965-03-12
P1004,Saanvi,Banerjee,21,M,s***@outlook.com,+91-7819XXXX13,2cebb2b526e6a75d,2005-11-11
P1005,Reyansh,Joshi,83,M,r***@gmail.com,+91-7982XXXX18,b6b71ccad5b5a5c0,1943-03-09
P1006,Kavya,Nair,87,M,k***@yahoo.com,+91-7899XXXX30,9da052efe55f0cdc,1939-02-25
P1007,Sara,Joshi,75,M,s***@gmail.com,+91-6264XXXX19,1a73358ead763674,1951-11-24
P1008,Kavya,Pillai,75,M,k***@gmail.com,+91-8925XXXX00,d538020327e9dcab,1951-11-10
P1009,Sai,Kulkarni,88,M,s***@hotmail.com,+91-7264XXXX19,e08feaa0fe5ed8cb,1938-04-02
P1010,Sai,Agarwal,24,M,s***@yahoo.com,+91-6191XXXX90,1c74d2c37072f3b7,2002-04-18
P1011,Sara,Naidu,3,M,s***@yahoo.com,+91-8528XXXX18,ece8422ace54c63e,2023-04-19
P1012,Arjun,Patel,22,M,a***@yahoo.com,+91-6176XXXX45,d53931b1f663cda6,2004-03-24
P1013,Sara,Iyer,53,M,s***@hotmail.com,+91-9360XXXX98,3b50305716f7f405,1973-01-13
P1014,Anika,Banerjee,2,F,a***@outlook.com,+91-6366XXXX05,4a34459b462945b2,2024-09-04
P1015,Aadhya,Verma,88,F,a***@gmail.com,+91-6200XXXX41,f97fd9a66255ae7a,1938-05-26
P1016,Vivaan,Naidu,30,M,v***@rediffmail.com,+91-8554XXXX26,4b44789af936123f,1996-01-19
P1017,Reyansh,Chatterjee,38,F,r***@rediffmail.com,+91-7161XXXX76,3725cd9c98805a1e,1988-10-02
P1018,Ira,Ghosh,2,F,i***@hotmail.com,+91-6550XXXX20,b4a6e5626446d135,2024-08-11
P1019,Diya,Patel,64,M,d***@gmail.com,+91-6592XXXX29,51a0acc17446cf54,1962-06-10
P1020,Ananya,Khan,60,M,a***@yahoo.com,+91-9995XXXX28,c50d66302eb2a038,1966-12-18
P1021,Kavya,Naidu,21,M,k***@yahoo.com,+91-8402XXXX94,8b7751c820a6cefd,2005-01-01
P1022,Shaurya,Joshi,33,F,s***@outlook.com,+91-7784XXXX77,a1b28b2de4d58b46,1993-06-19
P1023,Aditya,Patel,76,F,a***@hotmail.com,+91-7561XXXX73,21abab630d3fa6ba,1950-10-24
P1024,Vivaan,Sharma,58,M,v***@yahoo.com,+91-7274XXXX41,78e00f8c5f7ff76e,1968-08-08
P1025,Aarav,Chatterjee,22,M,a***@yahoo.com,+91-9475XXXX72,65beadde4e45e2ba,2004-07-22
P1026,Ira,Ghosh,89,M,i***@hotmail.com,+91-8129XXXX52,15e37cd8807a2d04,1937-10-17
P1027,Reyansh,Banerjee,49,F,r***@gmail.com,+91-9719XXXX99,349921c44a8366f5,1977-10-11
P1028,Aadhya,Mishra,59,F,a***@gmail.com,+91-8644XXXX47,d88167ae07b67bbc,1967-10-10
P1029,Diya,Ghosh,42,F,d***@rediffmail.com,+91-6426XXXX45,c2bb4081274dff7a,1984-12-06
P1030,Aditya,Kulkarni,60,F,a***@gmail.com,+91-8653XXXX78,6def7415d44a4c51,1966-10-28
P1031,Shaurya,Patel,80,M,s***@gmail.com,+91-9545XXXX43,d2d0d6be6da65a76,1946-12-17
P1032,Kavya,Gupta,15,M,k***@rediffmail.com,+91-6698XXXX18,bf68210a0e8ba402,2011-07-27
P1033,Aadhya,Kulkarni,62,M,a***@hotmail.com,+91-9270XXXX98,264ca750ac485ddd,1964-04-09
P1034,Ishaan, Iyer,62,M,i***@outlook.com,+91-8679XXXX33,d49c9debc04b1427,1964-08-14
P1035,Vivaan,Ghosh,47,F,v***@hotmail.com,+91-7624XXXX14,2ce64a145f6da2b5,1979-09-01
P1036,Riya,Reddy,62,F,r***@rediffmail.com,+91-6190XXXX96,6691eeca3d523449,1964-07-09
P1037,Muhammad,Ghosh,51,M,m***@rediffmail.com,+91-8996XXXX72,8fd4dd96f59de29e,1975-01-20
P1038,Ira,Patel,55,M,i***@yahoo.com,+91-7235XXXX41,acc51a06fb3cd417,1971-05-04
P1039,Shaurya,Agarwal,64,F,s***@hotmail.com,+91-6434XXXX42,c9a03f01ed3db264,1962-01-12
P1040,Muhammad,Joshi,3,M,m***@hotmail.com,+91-9810XXXX28,1378ca83fd9e65f9,2023-07-06
P1041,Shaurya,Gupta,51,F,s***@hotmail.com,+91-8761XXXX48,2482b2e50526b800,1975-08-19
P1042,Arjun,Kulkarni,7,M,a***@hotmail.com,+91-9461XXXX24,f0b96448fed120b6,2019-09-01
P1043,Arjun,Reddy,21,M,a***@hotmail.com,+91-7191XXXX17,410fa3d6eb88d8e3,2005-07-23
P1044,Sai,Iyer,73,M,s***@yahoo.com,+91-8812XXXX44,3a620de6613d13e4,1953-05-09
P1045,Kavya,Reddy,39,M,k***@yahoo.com,+91-6874XXXX59,316e1a02eafa3392,1987-05-04
P1046,Saanvi,Sharma,18,M,s***@yahoo.com,+91-8344XXXX91,72b40346a010b01c,2008-11-28
P1047,Ishaan,Chatterjee,4,M,i***@rediffmail.com,+91-6113XXXX72,5a2ca35bab08c2d8,2022-07-16
P1048,Sai,Mishra,89,M,s***@gmail.com,+91-6262XXXX36,b7fe4e0e01cfa48b,1937-09-13
P1049,Aadhya,Joshi,60,F,a***@rediffmail.com,+91-9419XXXX90,5fa1920e326e68b4,1966-03-08
P1050,Aarav,Das,14,F,a***@yahoo.com,+91-6268XXXX22,1065f4263d100cd1,2012-11-08
P1051,Aadhya,Chatterjee,9,F,a***@outlook.com,+91-7556XXXX94,add33ea031ed8726,2017-05-15
P1052,Sai,Khan,53,F,s***@gmail.com,+91-9839XXXX65,92aba4fd4777d9d2,1973-10-09
P1053,Myra,Banerjee,2,F,m***@gmail.com,+91-6345XXXX19,96399656759c725e,2024-10-14
P1054,Muhammad,Patel,84,M,m***@rediffmail.com,+91-6604XXXX21,5f3fc03930e70d4d,1942-01-15
P1055,Ishaan,Chatterjee,60,M,i***@gmail.com,+91-8371XXXX00,bae91127b6ac1f40,1966-10-25
P1056,Saanvi,Das,71,F,s***@rediffmail.com,+91-9916XXXX28,cc061ab11f2c7b62,1955-12-06
P1057,Ishaan,Gupta,44,M,i***@outlook.com,+91-6692XXXX37,9f24aa5c2215dcd5,1982-08-16
P1058,Diya,Mehta,8,F,d***@yahoo.com,+91-9691XXXX68,d16cc2a54463582b,2018-01-10
P1059,Ishaan,Banerjee,47,F,i***@outlook.com,+91-9259XXXX12,1b8bc0ebfc7fe679,1979-10-13
P1060,Riya,Singh,35,M,r***@yahoo.com,+91-9146XXXX30,27e756a01bbefa3c,1991-08-04
P1061,Sai,Ghosh,78,M,s***@hotmail.com,+91-9116XXXX58,33fb6f3b6aee7a05,1948-07-11
P1062,Aarav,Singh,81,M,a***@rediffmail.com,+91-6762XXXX51,877add8511ebcf23,1945-01-11
P1063,Shaurya,Mishra,36,F,s***@gmail.com,+91-8484XXXX84,5cf5b4a569863ddd,1990-07-20
P1064,Kavya,Kulkarni,50,M,k***@yahoo.com,+91-9726XXXX04,7f35a61b749cb6e1,1976-08-12
P1065,Ishaan,Kulkarni,4,F,i***@hotmail.com,+91-8786XXXX06,a9c1c60417c1b606,2022-10-10
P1066,Riya,Singh,2,F,r***@outlook.com,+91-6991XXXX46,36b3c466ad4773ec,2024-11-07
P1067,Reyansh,Pillai,6,F,r***@hotmail.com,+91-8827XXXX47,8d800ae95d35108e,2020-12-14
P1068,Sai,Banerjee,54,M,s***@yahoo.com,+91-7241XXXX00,3596ebc2814185f2,1972-02-05
P1069,Krishna,Nair,4,M,k***@yahoo.com,+91-9963XXXX01,bc575e73c20ba19a,2022-07-27
P1070,Ira,Sharma,54,F,i***@outlook.com,+91-6824XXXX32,99cb3fde92aec514,1972-02-05
P1071,Saanvi,Ghosh,63,M,s***@gmail.com,+91-6426XXXX77,84c67855c1591abb,1963-12-24
P1072,Krishna,Banerjee,18,M,k***@yahoo.com,+91-9803XXXX37,f7a694a27065e069,2008-02-22
P1073,Ananya,Pillai,44,M,a***@outlook.com,+91-8165XXXX65,31177a06ff261b78,1982-03-26
P1074,Riya,Patel,34,F,r***@hotmail.com,+91-7173XXXX88,4969d72bcda2f085,1992-09-09
P1075,Krishna,Khan,74,F,k***@yahoo.com,+91-6809XXXX35,13ef4879a88bfc8f,1952-12-14
P1076,Kavya,Joshi,62,M,k***@hotmail.com,+91-6900XXXX98,5a65a880c0c96418,1964-12-26
P1077,Myra,Singh,14,F,m***@hotmail.com,+91-8591XXXX09,1c506af47820a69a,2012-03-03
P1078,Reyansh,Reddy,48,M,r***@yahoo.com,+91-8770XXXX06,a32365ee448f3f8b,1978-12-04
P1079,Diya,Mishra,15,M,d***@hotmail.com,+91-7561XXXX80,ae97373d4ab7e5a8,2011-06-05
P1080,Shaurya,Chatterjee,72,M,s***@rediffmail.com,+91-6197XXXX67,093dee0a92fdec1c,1954-11-04
P1081,Kavya,Ghosh,78,M,k***@rediffmail.com,+91-8814XXXX43,0a7c87ed041626e7,1948-04-28
P1082,Sai,Joshi,87,F,s***@gmail.com,+91-8697XXXX04,bc75e8edea45cedd,1939-11-27
P1083,Arjun,Banerjee,62,F,a***@outlook.com,+91-6293XXXX85,93211dd1e002d8f9,1964-02-24
P1084,Aditya,Patel,40,F,a***@hotmail.com,+91-7503XXXX66,d58338bb261a87d4,1986-03-25
P1085,Diya,Naidu,85,M,d***@hotmail.com,+91-6823XXXX99,f477373802d96389,1941-06-14
P1086,Vivaan,Chatterjee,80,M,v***@gmail.com,+91-8828XXXX15,71c88125370c7bb3,1946-04-25
P1087,Vivaan,Sharma,82,M,v***@yahoo.com,+91-8410XXXX88,d7b06078f13e3b45,1944-11-26
P1088,Ira,Chatterjee,53,F,i***@outlook.com,+91-6526XXXX20,3822d25775bf26c1,1973-02-13
P1089,Ishaan,Mishra,24,M,i***@gmail.com,+91-8284XXXX22,223357ce215ae85d,2002-07-28
P1090,Vivaan,Reddy,26,F,v***@outlook.com,+91-8337XXXX87,a3af56f448a13ec1,2000-02-05
P1091,Ira,Sharma,89,F,i***@outlook.com,+91-7286XXXX58,78f98fd00ab0bd00,1937-11-11
P1092,Reyansh,Verma,60,F,r***@yahoo.com,+91-9173XXXX14,705a2f4c0c94828b,1966-01-02
P1093,Anika,Pillai,41,F,a***@outlook.com,+91-8182XXXX84,ed8d71d9dcfa10c1,1985-06-20
P1094,Kavya,Agarwal,29,F,k***@rediffmail.com,+91-7166XXXX83,88dcf4fd3a0b3e4f,1997-10-06
P1095,Anika,Verma,15,F,a***@outlook.com,+91-8403XXXX71,13e21056ed765872,2011-05-24
P1096,Myra,Agarwal,45,M,m***@hotmail.com,+91-7457XXXX66,0f7072c462863e6c,1981-11-26
P1097,Shaurya,Mehta,65,M,s***@outlook.com,+91-7819XXXX05,80cf77ea9e327789,1961-04-08
P1098,Reyansh,Chatterjee,89,F,r***@yahoo.com,+91-7182XXXX81,278abe9272233a91,1937-03-06
P1099,Vivaan,Agarwal,71,F,v***@hotmail.com,+91-7874XXXX48,20ce59f60167fdb3,1955-05-26
P1100,Muhammad,Joshi,9,M,m***@rediffmail.com,+91-7494XXXX19,cb0c545c69acbde2,2017-05-02
P1101,Shaurya,Agarwal,88,F,s***@rediffmail.com,+91-8695XXXX90,fc60f03887e35827,1938-04-27
P1102,Myra,Kulkarni,1,F,m***@rediffmail.com,+91-8128XXXX00,54edb4e13c48e2a5,2025-02-27
P1103,Ishaan,Banerjee,8,M,i***@hotmail.com,+91-9219XXXX81,d4e9e04aa9d7fea0,2018-10-18
P1104,Vivaan, Verma,88,F,v***@gmail.com,+91-7871XXXX00,95f62e954ddb0af7,1938-06-03
P1105,Muhammad,Singh,63,F,m***@yahoo.com,+91-6438XXXX27,e8cb104455116037,1963-05-04
P1106,Sara,Nair,11,F,s***@outlook.com,+91-9529XXXX10,4f8ef9afc2c5e104,2015-07-20
P1107,Anika,Joshi,81,M,a***@yahoo.com,+91-8444XXXX48,384f4bf359be12ef,1945-01-24
P1108,Ishaan,Kulkarni,8,M,i***@outlook.com,+91-9394XXXX73,6dd7f4c2f36348e9,2018-02-08
P1109,Vivaan,Chatterjee,35,M,v***@outlook.com,+91-8368XXXX71,3fbaf7501837a5e8,1991-10-10
P1110,Ira,Khan,35,F,i***@rediffmail.com,+91-7231XXXX29,09c0e16aa7970497,1991-05-28
P1111,Krishna,Sharma,33,F,k***@yahoo.com,+91-7952XXXX00,b6d3d1bcc3301d74,1993-06-15
P1112,Sara,Mishra,5,M,s***@hotmail.com,+91-7757XXXX45,8aa67e1cd49c099f,2021-11-03
P1113,Anika,Pillai,41,F,a***@rediffmail.com,+91-9830XXXX66,9e6f9de09ace0cb8,1985-03-10
P1114,Anika,Sharma,28,F,a***@yahoo.com,+91-7446XXXX37,5e335c7b5b05ac28,1998-09-03
P1115,Sara,Singh,7,F,s***@hotmail.com,+91-7735XXXX77,67463ed62448f134,2019-05-21
P1116,Vivaan,Ghosh,73,F,v***@yahoo.com,+91-9763XXXX66,f196fb1dc9e2a3bc,1953-03-15
P1117,Aarav,Pillai,72,F,a***@rediffmail.com,+91-9598XXXX74,ab5ad978ffa48094,1954-02-11
P1118,Vivaan,Reddy,12,M,v***@yahoo.com,+91-9231XXXX99,5c329d790ff22a98,2014-06-19
P1119,Aditya,Joshi,34,F,a***@outlook.com,+91-7919XXXX39,c9f3f04a97fe6d33,1992-04-07
P1120,Aarav,Ghosh,33,M,a***@hotmail.com,+91-8152XXXX75,96fd7ad2b563dba3,1993-12-12
P1121,Riya,Gupta,48,F,r***@rediffmail.com,+91-8148XXXX55,c8bc09e02520192c,1978-09-09
P1122,Ananya,Verma,23,M,a***@hotmail.com,+91-6238XXXX58,56a28806fc7df62d,2003-01-02
P1123,Sara,Khan,62,F,s***@gmail.com,+91-7866XXXX10,bb629c197c2aaa27,1964-07-20
P1124,Myra,Verma,88,M,m***@outlook.com,+91-8644XXXX17,f51e7329e40e9f92,1938-05-26
P1125,Reyansh,Reddy,37,F,r***@gmail.com,+91-9385XXXX30,7e1e35c9877d4a42,1989-01-19
P1126,Ira,Gupta,44,M,i***@gmail.com,+91-7120XXXX47,e9e7db1776d5a5f7,1982-09-07
P1127,Myra,Singh,86,F,m***@hotmail.com,+91-8811XXXX14,3a111f243f40cb66,1940-08-07
P1128,Diya,Patel,35,M,d***@yahoo.com,+91-8699XXXX79,fa85475c96364c6f,1991-02-19
P1129,Vivaan,Joshi,65,F,v***@hotmail.com,+91-9523XXXX92,9732031df427f47e,1961-09-09
P1130,Shaurya,Sharma,47,M,s***@hotmail.com,+91-8247XXXX16,679754302ab530d3,1979-06-23
P1131,Shaurya,Banerjee,78,M,s***@rediffmail.com,+91-6831XXXX23,882175d15bdb3a97,1948-02-21
P1132,Ishaan,Banerjee,3,F,i***@hotmail.com,+91-7674XXXX76,500fce1e120f35dd,2023-10-20
P1133,Sai,Banerjee,1,F,s***@gmail.com,+91-8405XXXX45,dd812bcc9762676c,2025-12-15
P1134,Ira,Verma,5,M,i***@outlook.com,+91-7115XXXX87,f062b93ae5dffa64,2021-11-04
P1135,Shaurya,Banerjee,14,F,s***@yahoo.com,+91-7612XXXX37,238702e2e8f12ab6,2012-01-09
P1136,Aadhya,Verma,27,M,a***@outlook.com,+91-7166XXXX90,0beddd1b0ec18e9f,1999-04-05
P1137,Aditya,Iyer,9,M,a***@rediffmail.com,+91-7588XXXX24,08beeda109613a5f,2017-09-23
P1138,Saanvi,Mehta,79,M,s***@outlook.com,+91-6705XXXX55,f4b0b66981145765,1947-02-22
P1139,Aarav,Agarwal,15,F,a***@yahoo.com,+91-9197XXXX41,e8e9b6c05020ede6,2011-11-26
P1140,Shaurya,Singh,42,M,s***@outlook.com,+91-6525XXXX90,e5fec527c2856a7a,1984-08-02
P1141,Sai,Kulkarni,77,M,s***@rediffmail.com,+91-7881XXXX20,3b79ead7651afaa5,1949-06-05
P1142,Saanvi,Naidu,51,F,s***@gmail.com,+91-7895XXXX30,9153d3e9a63e0a6a,1975-06-19
P1143,Arjun,Nair,63,F,a***@hotmail.com,+91-8354XXXX70,c8830b6a61efde4a,1963-09-16
P1144,Aadhya,Mehta,52,F,a***@gmail.com,+91-8790XXXX62,240858f8c135aca1,1974-04-10
P1145,Ananya,Pillai,4,F,a***@yahoo.com,+91-9161XXXX31,853da29284e816d6,2022-08-28
P1146,Krishna,Khan,23,M,k***@outlook.com,+91-6675XXXX76,c8b2c91aefcdf27e,2003-08-07
P1147,Reyansh,Pillai,15,M,r***@outlook.com,+91-8116XXXX47,98ecad1de0f79127,2011-07-15
P1148,Muhammad,Chatterjee,43,M,m***@hotmail.com,+91-8431XXXX07,d5d98c430e98b8e5,1983-01-19
P1149,Ishaan,Nair,29,M,i***@yahoo.com,+91-7117XXXX86,80cd09987ee60043,1997-04-16
P1150,Anika,Agarwal,36,F,a***@hotmail.com,+91-8376XXXX98,4a6e5f8e90c435a5,1990-09-02
P1151,Krishna,Sharma,13,M,k***@gmail.com,+91-6920XXXX88,fd43ca8511f84084,2013-10-21
P1152,Diya,Joshi,32,M,d***@hotmail.com,+91-9807XXXX68,96240f4101ef5eca,1994-01-17
P1153,Ira,Kulkarni,71,F,i***@rediffmail.com,+91-7214XXXX10,af3fd13945a2361c,1955-06-13
P1154,Myra,Chatterjee,59,M,m***@rediffmail.com,+91-7848XXXX92,d1ea5456b4c3a407,1967-12-06
P1155,Diya,Naidu,86,M,d***@gmail.com,+91-9565XXXX41,512447ba67cc63dc,1940-11-09
P1156,Reyansh,Mehta,28,M,r***@hotmail.com,+91-6292XXXX27,4ab00380b0ecd989,1998-07-22
P1157,Arjun,Agarwal,66,M,a***@hotmail.com,+91-8512XXXX33,ec71653e4e4fd72c,1960-10-13
P1158,Muhammad,Joshi,42,M,m***@outlook.com,+91-6780XXXX34,3affdea3ab33090c,1984-10-10
P1159,Arjun,Banerjee,45,M,a***@yahoo.com,+91-6188XXXX44,ebcf153f2699fc3e,1981-06-25
P1160,Ananya,Joshi,62,F,a***@outlook.com,+91-6242XXXX14,65b455cad1794d09,1964-09-03
P1161,Krishna,Agarwal,57,F,k***@hotmail.com,+91-8513XXXX70,33dfe7024d713b8b,1969-03-09
P1162,Reyansh,Reddy,6,M,r***@outlook.com,+91-8629XXXX01,2b22ce0fa7d07e93,2020-12-21
P1163,Anika,Naidu,28,M,a***@rediffmail.com,+91-7591XXXX91,eddebc97d9cbcf8e,1998-11-20
P1164,Sara,Kulkarni,28,F,s***@yahoo.com,+91-8444XXXX86,4d09d320f1a2e72b,1998-07-09
P1165,Ira,Singh,44,M,i***@rediffmail.com,+91-8222XXXX18,0f5513e11f550f6a,1982-07-22
P1166,Krishna,Banerjee,84,M,k***@rediffmail.com,+91-7780XXXX97,e7102b2892eb9c8a,1942-09-17
P1167,Riya,Mehta,30,M,r***@rediffmail.com,+91-6949XXXX18,61aaecd56d35af49,1996-06-26
P1168,Myra,Agarwal,62,F,m***@rediffmail.com,+91-6111XXXX89,1c35c2be162aeb33,1964-08-25
P1169,Krishna,Reddy,75,M,k***@hotmail.com,+91-7470XXXX10,4fd7804944de2642,1951-04-17
P1170,Aditya,Mehta,89,F,a***@rediffmail.com,+91-8611XXXX26,3da5a7a91746c51d,1937-12-08
P1171,Ishaan,Banerjee,62,M,i***@hotmail.com,+91-7692XXXX67,40df8fd6616d2198,1964-12-20
P1172,Sara,Banerjee,1,F,s***@yahoo.com,+91-9735XXXX00,4028a3c3ada2c34a,2025-06-07
P1173,Aadhya,Mehta,27,F,a***@rediffmail.com,+91-6381XXXX08,f167983b988bb817,1999-10-06
P1174,Shaurya,Naidu,62,M,s***@outlook.com,+91-6821XXXX04,e30ee24f2e1c6de8,1964-10-05
P1175,Muhammad,Mishra,77,F,m***@hotmail.com,+91-9554XXXX34,dda8a5aaee2797f3,1949-10-02
P1176,Riya,Patel,3,M,r***@outlook.com,+91-6620XXXX71,cf19a430c869ff31,2023-02-19
P1177,Reyansh,Patel,70,F,r***@gmail.com,+91-7413XXXX52,d915814c4c84c024,1956-10-04
P1178,Kavya,Naidu,72,M,k***@outlook.com,+91-8682XXXX41,6073db9a397ae7c3,1954-02-15
P1179,Sai,Naidu,27,M,s***@hotmail.com,+91-7447XXXX16,3403ccf56fef6722,1999-04-05
P1180,Anika,Gupta,9,F,a***@outlook.com,+91-7917XXXX34,c812f005e784b6fd,2017-12-09
P1181,Shaurya,Chatterjee,62,M,s***@outlook.com,+91-9624XXXX72,c7f8075c0b07d2b8,1964-08-09
P1182,Aarav,Das,37,M,a***@outlook.com,+91-8462XXXX37,4bdb95f91d7254ff,1989-03-15
P1183,Shaurya,Pillai,51,F,s***@rediffmail.com,+91-6559XXXX03,2fa81a47546ca48b,1975-07-21
P1184,Shaurya,Singh,44,M,s***@outlook.com,+91-7560XXXX10,687823e40a91de82,1982-01-23
P1185,Aditya,Kulkarni,24,M,a***@outlook.com,+91-6553XXXX29,d6ea0870730c26c4,2002-07-25
P1186,Sara,Mishra,79,F,s***@yahoo.com,+91-7173XXXX03,9233c10a5a00ee48,1947-04-03
P1187,Aditya,Das,59,F,a***@gmail.com,+91-7907XXXX66,838e1dc90fdb08ab,1967-10-20
P1188,Ananya,Agarwal,32,M,a***@hotmail.com,+91-8936XXXX91,f92ec6a1feaa79c1,1994-07-04
P1189,Aditya,Mehta,88,M,a***@yahoo.com,+91-9785XXXX87,e3b8b59f45804c09,1938-11-06
P1190,Aarav,Ghosh,52,F,a***@rediffmail.com,+91-6117XXXX06,782f27fce5d7d2a7,1974-07-23
P1191,Aditya,Mishra,62,F,a***@rediffmail.com,+91-6787XXXX74,a2f19b2862595578,1964-06-13
P1192,Aarav,Iyer,58,M,a***@hotmail.com,+91-6433XXXX55,431b712c352c49f9,1968-11-24
P1193,Ira,Das,52,F,i***@yahoo.com,+91-6113XXXX09,e6f76feb6a78d0b1,1974-12-04
P1194,Ananya,Das,12,M,a***@gmail.com,+91-8966XXXX55,d5f5f2332ca71f90,2014-08-28
P1195,Aditya,Das,39,M,a***@hotmail.com,+91-7494XXXX49,ec028f100b8d8966,1987-08-12
P1196,Shaurya,Patel,2,M,s***@rediffmail.com,+91-7292XXXX35,c6120070419fd510,2024-02-17
P1197,Krishna,Nair,3,M,k***@gmail.com,+91-7339XXXX29,4228464e048232ee,2023-06-07
P1198,Kavya,Naidu,56,M,k***@outlook.com,+91-8894XXXX65,1aef7e6fd61955cf,1970-01-08
P1199,Aditya,Pillai,81,F,a***@hotmail.com,+91-8782XXXX48,05df45ece3df802b,1945-03-23
P1200,Saanvi,Kulkarni,59,F,s***@outlook.com,+91-6147XXXX49,3845c503366786d7,1967-10-19
P1201,Myra,Reddy,2,F,m***@gmail.com,+91-9811XXXX44,eeea949b32899965,2024-04-05
P1202,Aarav,Mishra,2,F,a***@hotmail.com,+91-6266XXXX11,0201ea116fa1056e,2024-08-09
P1203,Aadhya,Nair,54,M,a***@gmail.com,+91-6269XXXX21,1373d199022e69f4,1972-11-10
P1204,Shaurya,Sharma,87,M,s***@outlook.com,+91-7133XXXX37,b4bfa27e28e166d7,1939-04-05
P1205,Sai,Naidu,1,M,s***@yahoo.com,+91-9499XXXX81,b968e737d037d5c4,2025-02-02
P1206,Diya,Banerjee,19,M,d***@rediffmail.com,+91-6280XXXX32,778aa6765adeb33c,2007-05-15
P1207,Sai,Ghosh,2,F,s***@yahoo.com,+91-6759XXXX12,b3d3e4e0e83e31a7,2024-03-14
P1208,Aarav,Joshi,53,M,a***@yahoo.com,+91-7777XXXX64,4afe42d381b81668,1973-05-06
P1209,Arjun,Mishra,44,M,a***@gmail.com,+91-8741XXXX02,d33ac7c1657afe60,1982-11-08
P1210,Saanvi,Sharma,32,F,s***@outlook.com,+91-6920XXXX40,0e172df7cee98163,1994-12-23
P1211,Ishaan,Agarwal,70,F,i***@outlook.com,+91-7704XXXX64,d423774e2749177b,1956-01-17
P1212,Shaurya,Joshi,32,F,s***@rediffmail.com,+91-6456XXXX59,1359434f51ee11ca,1994-09-28
P1213,Sai,Pillai,68,F,s***@outlook.com,+91-6501XXXX44,fa587195301abc73,1958-12-18
P1214,Riya,Mishra,55,M,r***@hotmail.com,+91-8339XXXX30,7f8c26b1bda75372,1971-03-20
P1215,Ira,Naidu,75,M,i***@outlook.com,+91-7786XXXX88,46900455734ff764,1951-08-01
P1216,Riya, Sharma,56,F,r***@outlook.com,+91-7367XXXX60,afb9802fe5df28b5,1970-07-12
P1217,Krishna,Iyer,17,M,k***@yahoo.com,+91-9272XXXX84,3c21691079801719,2009-03-02
P1218,Ira,Iyer,38,M,i***@gmail.com,+91-8320XXXX38,4bbbf83f4d78f8d7,1988-09-27
P1219,Muhammad,Nair,24,M,m***@rediffmail.com,+91-7158XXXX42,7d8d08f7ff853eb3,2002-11-10
P1220,Shaurya,Singh,69,F,s***@gmail.com,+91-9224XXXX66,817de0babbd10a81,1957-03-15
P1221,Diya,Nair,70,M,d***@gmail.com,+91-8572XXXX80,5d559e678dde0f84,1956-10-08
P1222,Muhammad,Verma,86,F,m***@hotmail.com,+91-6515XXXX06,cd67ca2c377c325e,1940-10-17
P1223,Sara,Das,11,M,s***@hotmail.com,+91-7229XXXX74,0fd3b87f53402bf7,2015-10-09
P1224,Aadhya,Ghosh,16,M,a***@outlook.com,+91-6193XXXX07,4b86276a9a14cc4a,2010-07-04
P1225,Muhammad,Gupta,73,M,m***@rediffmail.com,+91-7259XXXX58,ede3cce16397c23e,1953-07-21
P1226,Kavya,Chatterjee,59,F,k***@rediffmail.com,+91-9140XXXX56,2853b6b3308d40ea,1967-12-16
P1227,Aadhya,Reddy,70,M,a***@outlook.com,+91-8121XXXX02,4098d0311642e0a6,1956-12-14
P1228,Anika,Iyer,80,F,a***@hotmail.com,+91-6301XXXX12,8797c2a8a61acb75,1946-07-05
P1229,Arjun,Das,3,F,a***@hotmail.com,+91-6286XXXX68,c0a9155862bfb60c,2023-09-13
P1230,Kavya,Mehta,20,F,k***@gmail.com,+91-6359XXXX54,9a19583b71d9ad54,2006-12-27
P1231,Riya,Das,59,M,r***@gmail.com,+91-8129XXXX36,c17e4637d53c436e,1967-11-01
P1232,Ishaan,Kulkarni,36,M,i***@rediffmail.com,+91-7795XXXX16,7991aed346fa6d1e,1990-05-07
P1233,Ishaan,Agarwal,19,M,i***@rediffmail.com,+91-8827XXXX33,43230be7ff54cd07,2007-05-22
P1234,Ananya,Banerjee,67,M,a***@gmail.com,+91-9168XXXX12,49d5c9bcc4ccf702,1959-07-22
P1235,Arjun,Ghosh,19,F,a***@outlook.com,+91-7874XXXX36,604ec38384c2cab5,2007-12-23
P1236,Myra,Sharma,20,F,m***@yahoo.com,+91-9821XXXX81,eadd75f17777523e,2006-03-22
P1237,Ishaan,Kulkarni,71,F,i***@hotmail.com,+91-6607XXXX21,494dfc37814ee4d6,1955-07-19
P1238,Ishaan,Mishra,52,M,i***@rediffmail.com,+91-7439XXXX50,4a63af431a54d511,1974-10-25
P1239,Ananya,Singh,33,F,a***@yahoo.com,+91-9943XXXX86,c16fdd47fdeb0b43,1993-04-24
P1240,Anika,Ghosh,40,M,a***@outlook.com,+91-6445XXXX16,61eb06fcc4f5dcaf,1986-10-10
P1241,Aadhya,Chatterjee,39,F,a***@yahoo.com,+91-6984XXXX78,31cc9e6dcdf31e3e,1987-06-25
P1242,Ishaan,Nair,82,M,i***@yahoo.com,+91-7971XXXX94,0fe7e00f1308496a,1944-12-21
P1243,Aadhya,Chatterjee,1,M,a***@gmail.com,+91-9787XXXX31,b3eece6d29814256,2025-07-04
P1244,Saanvi,Singh,11,F,s***@hotmail.com,+91-8609XXXX84,2079a0c2692b2abc,2015-02-17
P1245,Arjun,Chatterjee,57,F,a***@hotmail.com,+91-6403XXXX82,99d6d6a44bac529b,1969-03-02
P1246,Ira,Iyer,89,F,i***@hotmail.com,+91-9323XXXX14,829f163d964a4e9c,1937-02-24
P1247,Arjun,Agarwal,50,F,a***@gmail.com,+91-8791XXXX61,e7455ccfb1f5d3a2,1976-07-24
P1248,Saanvi,Gupta,23,M,s***@gmail.com,+91-6914XXXX45,f4c9ae5f403acd9c,2003-03-04
P1249,Kavya,Pillai,31,F,k***@rediffmail.com,+91-9590XXXX87,7134f19257687dbf,1995-08-26
P1250,Arjun,Singh,42,F,a***@hotmail.com,+91-9294XXXX41,9200f397b913ed20,1984-02-09
P1251,Aarav,Pillai,7,F,a***@outlook.com,+91-6856XXXX12,b8c0b891e952ee91,2019-06-22
P1252,Aadhya,Agarwal,16,M,a***@rediffmail.com,+91-7987XXXX51,ed2ecfe42ebadfa3,2010-04-11
P1253,Aditya,Mishra,60,M,a***@gmail.com,+91-9900XXXX44,89d8869cc99e69cb,1966-09-18
P1254,Muhammad,Khan,2,F,m***@yahoo.com,+91-9465XXXX08,592ae9421c2ea2be,2024-02-25
P1255,Aadhya,Chatterjee,1,M,a***@yahoo.com,+91-6466XXXX15,6e464f3a0b736691,2025-05-20
P1256,Krishna,Mehta,48,F,k***@yahoo.com,+91-7229XXXX16,05bb7ca56f315f11,1978-11-19
P1257,Ishaan,Banerjee,12,M,i***@hotmail.com,+91-7635XXXX77,46f6175406f890c8,2014-02-13
P1258,Diya,Pillai,69,M,d***@hotmail.com,+91-8641XXXX17,8af4f7d19f4b997b,1957-10-23
P1259,Reyansh,Pillai,37,M,r***@hotmail.com,+91-8853XXXX80,54f3c628cb05a05a,1989-09-23
P1260,Ananya,Mishra,32,M,a***@outlook.com,+91-6916XXXX67,79cdcde607722f0e,1994-01-13
P1261,Saanvi,Nair,9,F,s***@yahoo.com,+91-6819XXXX47,1151461d907be2d9,2017-06-27
P1262,Vivaan,Ghosh,19,F,v***@rediffmail.com,+91-6761XXXX19,64430a03c3323d5d,2007-09-02
P1263,Riya,Das,48,F,r***@gmail.com,+91-8318XXXX43,18828fde5fe71800,1978-11-03
P1264,Anika,Ghosh,80,M,a***@yahoo.com,+91-7889XXXX90,810b7a241e8cab1d,1946-01-11
P1265,Aarav,Nair,3,F,a***@rediffmail.com,+91-7142XXXX85,ebaa8871fff1dc33,2023-09-08
P1266,Aditya,Kulkarni,20,F,a***@yahoo.com,+91-6944XXXX54,19860d0d239f124d,2006-06-10
P1267,Saanvi,Khan,24,F,s***@yahoo.com,+91-9702XXXX25,e816752a5076b49d,2002-07-09
P1268,Krishna,Kulkarni,54,M,k***@hotmail.com,+91-8126XXXX69,a2f4bc355e6df189,1972-02-06
P1269,Aarav,Verma,33,M,a***@hotmail.com,+91-6773XXXX68,1e67c1c5f871e82a,1993-12-11
P1270,Reyansh,Nair,24,M,r***@gmail.com,+91-6178XXXX75,c8195bff8c570422,2002-07-11
P1271,Muhammad,Pillai,75,F,m***@gmail.com,+91-9822XXXX13,6c437f06ebeb603d,1951-11-10
P1272,Sai,Chatterjee,72,F,s***@hotmail.com,+91-6402XXXX50,f348306c62003556,1954-11-05
P1273,Kavya,Banerjee,36,F,k***@outlook.com,+91-8111XXXX45,2115960bf1fe69be,1990-05-07
P1274,Sara,Ghosh,38,M,s***@outlook.com,+91-7543XXXX88,28aae59d61a88eac,1988-09-15
P1275,Anika,Iyer,84,M,a***@hotmail.com,+91-6412XXXX27,0a7b9e75f53bd65a,1942-10-03
P1276,Kavya,Mishra,89,F,k***@yahoo.com,+91-8621XXXX27,134b8d59a7cdee88,1937-01-11
P1277,Sai,Mishra,25,M,s***@yahoo.com,+91-7864XXXX90,284e78ffeccbba65,2001-02-06
P1278,Aditya,Naidu,18,M,a***@hotmail.com,+91-6401XXXX71,821157df079ba3d7,2008-10-07
P1279,Ira,Reddy,82,M,i***@gmail.com,+91-8683XXXX43,7b9fd5a61ea6d21c,1944-02-13
P1280,Anika,Pillai,66,M,a***@outlook.com,+91-6811XXXX09,2d181c7f2023c63d,1960-06-02
P1281,Krishna,Joshi,54,F,k***@yahoo.com,+91-9348XXXX70,ddba2f4465499167,1972-01-21
P1282,Kavya,Chatterjee,35,M,k***@outlook.com,+91-6855XXXX43,11a1e66beebdca80,1991-09-09
P1283,Sara,Mishra,80,M,s***@rediffmail.com,+91-7654XXXX82,897d4cefd9da64c2,1946-02-17
P1284,Vivaan,Mishra,61,M,v***@outlook.com,+91-7261XXXX10,2a66028120938f4c,1965-04-19
P1285,Riya,Agarwal,41,M,r***@yahoo.com,+91-9124XXXX54,55568fae62e55442,1985-03-09
P1286,Aditya,Mishra,33,F,a***@yahoo.com,+91-9743XXXX34,245a7116f2cc8529,1993-10-05
P1287,Ishaan,Kulkarni,68,F,i***@hotmail.com,+91-7769XXXX06,2fd92cb233ad4dce,1958-02-01
P1288,Riya,Khan,33,M,r***@yahoo.com,+91-9987XXXX50,a7660a1751a4402b,1993-08-22
P1289,Reyansh,Reddy,14,M,r***@yahoo.com,+91-6932XXXX79,2e6943160be5054e,2012-12-25
P1290,Aditya,Mishra,21,M,a***@hotmail.com,+91-6556XXXX60,41384f1420042b2c,2005-12-24
P1291,Anika,Verma,48,M,a***@gmail.com,+91-6658XXXX39,fc134eba39c271cf,1978-09-14
P1292,Myra,Ghosh,20,M,m***@hotmail.com,+91-8757XXXX75,f2e2f834754d43ed,2006-05-10
P1293,Aditya,Reddy,8,M,a***@hotmail.com,+91-8931XXXX97,be57b77fadb8e348,2018-10-23
P1294,Ira,Naidu,7,F,i***@gmail.com,+91-7517XXXX91,c8d5d07fb00b613a,2019-10-02
P1295,Muhammad,Agarwal,67,M,m***@rediffmail.com,+91-9759XXXX29,ff9154c8981e5565,1959-01-26
P1296,Aarav,Joshi,17,F,a***@hotmail.com,+91-7760XXXX21,719d69761a49d6c5,2009-10-07
P1297,Anika,Khan,33,F,a***@hotmail.com,+91-6891XXXX70,8f824c34845d21f6,1993-08-13
P1298,Ananya,Kulkarni,48,M,a***@hotmail.com,+91-6380XXXX52,98af68d8d20bd83d,1978-09-27
P1299,Aadhya,Mishra,76,F,a***@hotmail.com,+91-8845XXXX35,35acc8ca9d9d2960,1950-05-03
P1300,Vivaan,Agarwal,59,F,v***@rediffmail.com,+91-7826XXXX75,b4eac8498767afce,1967-11-24
P1301,Reyansh,Patel,86,F,r***@outlook.com,+91-6695XXXX37,f5cd175c59f32cef,1940-12-08
P1302,Arjun,Kulkarni,22,F,a***@outlook.com,+91-7346XXXX12,c07bf22b03920268,2004-01-28
P1303,Ira,Nair,30,F,i***@rediffmail.com,+91-8766XXXX31,09f3c4a28fe97a3d,1996-01-17
P1304,Myra,Khan,38,F,m***@rediffmail.com,+91-9680XXXX64,50f2fc2d987ddf70,1988-11-07
P1305,Shaurya,Kulkarni,51,M,s***@rediffmail.com,+91-6449XXXX59,4380898b8d1cac03,1975-03-16
P1306,Shaurya,Verma,54,F,s***@rediffmail.com,+91-7549XXXX17,3710d2fcdc3e33aa,1972-04-18
P1307,Aadhya,Iyer,8,F,a***@rediffmail.com,+91-9310XXXX78,3b3d27ec08b14c81,2018-05-09
P1308,Sai,Mishra,27,F,s***@hotmail.com,+91-6527XXXX90,672f82eae2f84150,1999-09-18
P1309,Ananya,Agarwal,27,M,a***@outlook.com,+91-8121XXXX26,798f641fb12e9991,1999-11-17
P1310,Aarav,Singh,21,F,a***@rediffmail.com,+91-9184XXXX38,c938512c8e2ecc99,2005-02-06
P1311,Anika,Joshi,30,M,a***@outlook.com,+91-7436XXXX00,2b011f606bd1d528,1996-03-06
P1312,Sara,Verma,28,F,s***@gmail.com,+91-7881XXXX80,500e2a542e36d549,1998-01-25
P1313,Aarav,Nair,64,M,a***@rediffmail.com,+91-6211XXXX72,c88387018808ebb0,1962-09-27
P1314,Anika,Joshi,69,M,a***@yahoo.com,+91-6137XXXX72,99d4e3abcf23378b,1957-10-15
P1315,Kavya,Agarwal,61,F,k***@hotmail.com,+91-9662XXXX84,d4c7040864b845fb,1965-03-10
P1316,Aadhya,Khan,48,F,a***@gmail.com,+91-6661XXXX34,1e7d67686d107e8f,1978-10-08
P1317,Ananya,Chatterjee,19,M,a***@gmail.com,+91-8302XXXX46,caf008448f5a7314,2007-11-08
P1318,Shaurya,Ghosh,4,F,s***@hotmail.com,+91-8405XXXX40,f566db88d832d384,2022-05-23
P1319,Kavya,Chatterjee,35,M,k***@hotmail.com,+91-9301XXXX82,7c38275ce2c52248,1991-12-01
P1320,Arjun,Gupta,64,M,a***@yahoo.com,+91-6261XXXX87,4b83bdbae4d6a69d,1962-03-02
P1321,Anika,Kulkarni,49,M,a***@outlook.com,+91-9176XXXX33,609f1356608802ba,1977-12-02
P1322,Krishna,Iyer,17,M,k***@yahoo.com,+91-9889XXXX22,c90e9fa97bfdb75e,2009-05-16
P1323,Shaurya,Verma,44,M,s***@outlook.com,+91-7487XXXX72,de8f11a11fbac67f,1982-04-01
P1324,Saanvi,Naidu,30,F,s***@gmail.com,+91-9839XXXX93,b880ee611dbd1f4d,1996-06-21
P1325,Ananya,Banerjee,46,M,a***@yahoo.com,+91-6235XXXX04,d6df91fce20152d5,1980-01-16
P1326,Anika,Kulkarni,6,M,a***@rediffmail.com,+91-8682XXXX72,ce24e32b81e12422,2020-02-17
P1327,Anika,Joshi,37,F,a***@yahoo.com,+91-9417XXXX97,b496cefc1c7d9b9c,1989-04-11
P1328,Aditya,Das,24,M,a***@gmail.com,+91-9303XXXX75,16237bf72c956ec2,2002-11-03
P1329,Arjun,Sharma,46,F,a***@gmail.com,+91-7291XXXX51,f35ec7ad4e8896c8,1980-12-19
P1330,Myra,Agarwal,53,F,m***@outlook.com,+91-6493XXXX37,39b5419e340490f3,1973-06-26
P1331,Aadhya,Naidu,60,F,a***@gmail.com,+91-8668XXXX93,6bd92a686abf01b0,1966-04-17
P1332,Kavya,Joshi,63,M,k***@yahoo.com,+91-9478XXXX93,1c66ef9fe8f3b675,1963-07-25
P1333,Kavya,Sharma,85,M,k***@hotmail.com,+91-8486XXXX26,7c31b1c84e8b06a2,1941-05-08
P1334,Myra,Iyer,32,M,m***@yahoo.com,+91-8123XXXX71,762b31e5dc0af127,1994-03-09
P1335,Aadhya,Pillai,87,F,a***@outlook.com,+91-7350XXXX61,31899b48777f2550,1939-12-23
P1336,Arjun,Iyer,33,M,a***@hotmail.com,+91-6739XXXX32,8bcc06ae813d63c4,1993-12-21
P1337,Vivaan,Chatterjee,67,F,v***@hotmail.com,+91-6780XXXX93,8f1cdb3daff8dcfc,1959-03-02
P1338,Aarav,Naidu,18,M,a***@rediffmail.com,+91-9908XXXX09,9676b603b9de6cce,2008-08-19
P1339,Shaurya,Gupta,25,F,s***@gmail.com,+91-9381XXXX81,e59dbb059317d4e4,2001-04-18
P1340,Anika,Chatterjee,54,M,a***@hotmail.com,+91-7360XXXX53,52b62b7f6f1bfdb9,1972-06-12
P1341,Riya,Das,58,M,r***@hotmail.com,+91-6926XXXX98,2ffd01e139e31c9c,1968-03-25
P1342,Reyansh,Nair,67,M,r***@gmail.com,+91-6894XXXX29,b9f8a332a93cdbb0,1959-06-07
P1343,Ira,Das,46,F,i***@hotmail.com,+91-7318XXXX34,b1aa54182e391b6d,1980-05-06
P1344,Aarav,Reddy,24,F,a***@gmail.com,+91-8315XXXX49,e40c65af14a8ca34,2002-11-13
P1345,Aarav,Das,32,M,a***@yahoo.com,+91-9646XXXX20,10bc456cc8999c6c,1994-01-08
P1346,Anika,Mishra,47,M,a***@hotmail.com,+91-8458XXXX68,c21e844dc4e82797,1979-11-09
P1347,Ananya,Khan,86,F,a***@rediffmail.com,+91-6695XXXX87,c2ec41f7a967d413,1940-04-19
P1348,Shaurya,Naidu,23,F,s***@yahoo.com,+91-9435XXXX36,6ab9f87b8c30e083,2003-12-23
P1349,Myra,Nair,66,F,m***@hotmail.com,+91-7561XXXX17,01dec0b62d5ef014,1960-06-14
P1350,Diya,Verma,27,M,d***@rediffmail.com,+91-8575XXXX43,24f4e3281f0e9c9f,1999-10-08
P1351,Arjun,Khan,2,F,a***@hotmail.com,+91-7347XXXX75,1b790ab62b3f5ad9,2024-08-05
P1352,Sai,Gupta,17,M,s***@yahoo.com,+91-7342XXXX48,1b25259015697d1e,2009-08-23
P1353,Ishaan,Kulkarni,33,F,i***@outlook.com,+91-9364XXXX30,7b11ac5f7db012e0,1993-11-23
P1354,Ira,Naidu,9,M,i***@gmail.com,+91-6584XXXX05,a5f070ecf1a8d1f4,2017-05-15
P1355,Ishaan,Iyer,43,F,i***@rediffmail.com,+91-8930XXXX64,89255294a8632c77,1983-12-17
P1356,Ananya,Reddy,48,F,a***@gmail.com,+91-7936XXXX97,205448d73c9f6365,1978-08-03
P1357,Aditya,Verma,39,F,a***@outlook.com,+91-8842XXXX30,6ec67a0ff061325a,1987-07-18
P1358,Ishaan,Banerjee,42,F,i***@rediffmail.com,+91-6924XXXX47,3a87e0d2135c0e92,1984-05-21
P1359,Anika,Chatterjee,26,F,a***@yahoo.com,+91-6241XXXX18,7a15be165c1f2104,2000-04-07
P1360,Diya,Verma,50,M,d***@hotmail.com,+91-9587XXXX88,f87468f5bbc92cbf,1976-01-06
P1361,Anika,Patel,25,F,a***@yahoo.com,+91-6801XXXX05,b483040796339f54,2001-03-06
P1362,Aditya,Ghosh,24,F,a***@outlook.com,+91-7588XXXX67,d2bd9832f140cb55,2002-05-16
P1363,Sara,Iyer,13,F,s***@yahoo.com,+91-6845XXXX41,683c9bfc038cd447,2013-02-16
P1364,Aarav,Ghosh,60,M,a***@hotmail.com,+91-8558XXXX14,5334a856acb85008,1966-12-21
P1365,Anika,Das,7,F,a***@rediffmail.com,+91-9967XXXX09,7ef2dc29d7e883e7,2019-07-14
P1366,Myra,Gupta,57,M,m***@gmail.com,+91-8475XXXX73,9681b10146850708,1969-01-04
P1367,Reyansh,Das,36,F,r***@outlook.com,+91-8525XXXX27,101a99ec5730b513,1990-03-21
P1368,Myra,Pillai,45,F,m***@rediffmail.com,+91-8596XXXX56,18f25c6d97173e70,1981-06-03
P1369,Myra,Joshi,20,M,m***@yahoo.com,+91-8133XXXX33,07c966a75b144172,2006-12-02
P1370,Myra,Nair,65,F,m***@outlook.com,+91-9193XXXX13,32eef05cf558439b,1961-04-03
P1371,Diya,Joshi,8,M,d***@rediffmail.com,+91-6957XXXX58,52ee7920059e4735,2018-11-05
P1372,Arjun,Nair,16,M,a***@yahoo.com,+91-6593XXXX74,a1f5a05dcf968cb3,2010-09-25
P1373,Sara,Patel,14,F,s***@outlook.com,+91-6720XXXX47,740ad5f6ebcfdf4f,2012-03-06
P1374,Aditya,Verma,76,M,a***@outlook.com,+91-6116XXXX68,caf06976af3617e7,1950-10-08
P1375,Krishna,Sharma,87,F,k***@yahoo.com,+91-6434XXXX09,7c97a4aed297cc46,1939-02-14
P1376,Krishna,Iyer,15,F,k***@rediffmail.com,+91-7856XXXX01,a45332008cdd17ee,2011-03-03
P1377,Shaurya,Nair,66,M,s***@rediffmail.com,+91-6589XXXX79,d6bdb6b522d28fda,1960-06-15
P1378,Aditya,Iyer,32,M,a***@rediffmail.com,+91-6170XXXX47,8f8c37f17b46f69e,1994-02-13
P1379,Kavya,Sharma,87,M,k***@gmail.com,+91-8697XXXX67,57947cb98b1ec5a5,1939-08-13
P1380,Reyansh,Khan,63,M,r***@gmail.com,+91-8323XXXX03,af8375bbc14c9c6c,1963-10-20
P1381,Vivaan,Mehta,86,F,v***@rediffmail.com,+91-8696XXXX84,f5912ea5b36554e6,1940-11-22
P1382,Anika,Iyer,51,F,a***@gmail.com,+91-6333XXXX61,554e90de873bb874,1975-04-07
P1383,Arjun,Nair,25,M,a***@outlook.com,+91-8712XXXX31,22c69aadf9f53a89,2001-06-18
P1384,Kavya,Khan,58,F,k***@gmail.com,+91-6855XXXX39,dbc0dd1448e9b4a5,1968-07-14
P1385,Reyansh,Das,63,F,r***@hotmail.com,+91-7811XXXX00,95227b2ec4084732,1963-01-03
P1386,Riya,Gupta,62,F,r***@gmail.com,+91-7874XXXX01,55c394cb384b14e1,1964-09-14
P1387,Anika,Sharma,22,F,a***@hotmail.com,+91-9513XXXX85,8e014fafcaf779fd,2004-09-19
P1388,Reyansh,Das,58,M,r***@outlook.com,+91-6140XXXX69,67d9a431bc896185,1968-02-17
P1389,Muhammad,Chatterjee,58,M,m***@hotmail.com,+91-6363XXXX07,f42317d835671055,1968-09-16
P1390,Aarav,Mehta,86,F,a***@hotmail.com,+91-8552XXXX05,ac59900c16402230,1940-03-19
P1391,Aadhya,Mishra,49,M,a***@gmail.com,+91-8968XXXX31,d383802ece5c42a3,1977-05-09
P1392,Riya,Iyer,52,M,r***@outlook.com,+91-6896XXXX07,06be750b9773d837,1974-09-28
P1393,Ishaan,Reddy,42,M,i***@gmail.com,+91-8190XXXX78,9575fe208c8afcac,1984-01-21
P1394,Sara,Das,70,F,s***@outlook.com,+91-6156XXXX58,e92ecdb078cdc370,1956-03-17
P1395,Riya,Iyer,15,F,r***@rediffmail.com,+91-6410XXXX82,17a64e04a44d4cb4,2011-05-09
P1396,Vivaan,Mishra,54,F,v***@gmail.com,+91-8802XXXX47,3b4aac2c48f2a54a,1972-11-01
P1397,Ishaan,Patel,60,M,i***@gmail.com,+91-6541XXXX05,5c4772c466c61b3f,1966-02-02
P1398,Krishna,Khan,8,F,k***@hotmail.com,+91-7743XXXX14,6baf07651ff188bb,2018-08-22
P1399,Ananya,Das,53,F,a***@gmail.com,+91-9396XXXX85,551e59b22ba7b49c,1973-05-06
P1400,Shaurya,Agarwal,60,M,s***@rediffmail.com,+91-6627XXXX41,0d7efb4935f8ee42,1966-08-23
P1401,Sai,Mehta,5,F,s***@outlook.com,+91-6137XXXX02,709fd3619dd9a5c8,2021-03-23
P1402,Riya,Khan,68,F,r***@outlook.com,+91-9717XXXX75,ff1f530ed03ef0d0,1958-02-19
P1403,Myra,Ghosh,6,M,m***@hotmail.com,+91-8458XXXX66,f71c3a24cddc34b6,2020-09-02
P1404,Muhammad,Kulkarni,47,M,m***@rediffmail.com,+91-7420XXXX85,9687775b806732f8,1979-04-16
P1405,Aditya,Reddy,55,M,a***@rediffmail.com,+91-6951XXXX00,bd1ae0e8e42d92b6,1971-02-07
P1406,Kavya,Verma,40,F,k***@hotmail.com,+91-9828XXXX16,7eab6f2037e2814c,1986-04-23
P1407,Shaurya,Kulkarni,52,F,s***@yahoo.com,+91-6284XXXX62,34bd5065eaffe37e,1974-10-08
P1408,Diya, Mishra,16,F,d***@gmail.com,+91-7557XXXX77,a3ba30b6c138eaf0,2010-06-03
P1409,Aadhya,Singh,13,M,a***@hotmail.com,+91-9542XXXX69,46f9ae929b995c0f,2013-01-18
P1410,Sai,Pillai,30,M,s***@yahoo.com,+91-7226XXXX57,0f629183c4492cf9,1996-02-26
P1411,Vivaan,Gupta,19,F,v***@yahoo.com,+91-9634XXXX92,5bc00129015fdf85,2007-01-04
P1412,Riya,Iyer,17,F,r***@gmail.com,+91-7269XXXX83,0523ab70fd833474,2009-12-22
P1413,Shaurya, Mehta,63,M,s***@outlook.com,+91-7936XXXX38,3751fc061ee992e8,1963-08-02
P1414,Muhammad,Singh,19,M,m***@hotmail.com,+91-6401XXXX20,853c2d0fe21ee661,2007-03-19
P1415,Aadhya,Banerjee,58,M,a***@hotmail.com,+91-7192XXXX05,5fa8bd85c38e15e0,1968-06-14
P1416,Reyansh,Iyer,55,M,r***@hotmail.com,+91-7735XXXX49,c59076aeded46878,1971-08-26
P1417,Reyansh,Chatterjee,62,F,r***@gmail.com,+91-9631XXXX67,ce65318fb1fd6ccc,1964-08-22
P1418,Diya,Khan,23,M,d***@outlook.com,+91-7855XXXX44,6d0ea41d625c46e7,2003-11-03
P1419,Krishna,Iyer,9,F,k***@rediffmail.com,+91-8670XXXX66,fee4fc6807ddfc8e,2017-09-22
P1420,Diya,Pillai,12,F,d***@outlook.com,+91-6219XXXX20,1c28c86ea38945da,2014-03-11
P1421,Ira,Naidu,1,F,i***@yahoo.com,+91-6796XXXX73,b1d705cdf01c640b,2025-06-12
P1422,Shaurya,Gupta,58,M,s***@rediffmail.com,+91-9638XXXX40,a7bc49b432a28aa9,1968-02-03
P1423,Aditya,Gupta,1,M,a***@rediffmail.com,+91-7409XXXX08,6db81bbf9149af4d,2025-07-22
P1424,Ananya,Nair,34,M,a***@hotmail.com,+91-7608XXXX30,454c79dcaee70d1e,1992-10-11
P1425,Aarav,Gupta,48,M,a***@outlook.com,+91-9737XXXX01,9e575417a43ea930,1978-06-10
P1426,Shaurya,Iyer,89,F,s***@gmail.com,+91-7479XXXX79,9875a5182fdf9518,1937-02-02
P1427,Ira,Banerjee,1,M,i***@outlook.com,+91-7573XXXX75,8d141f6803e12b55,2025-03-18
P1428,Ishaan,Mishra,16,M,i***@outlook.com,+91-6126XXXX37,c429ab374d3525fa,2010-05-25
P1429,Aadhya,Pillai,61,F,a***@hotmail.com,+91-7958XXXX83,b5e70ceee4ab28fa,1965-10-27
P1430,Anika,Sharma,64,M,a***@yahoo.com,+91-9483XXXX02,4d251f086f0b0587,1962-09-28
P1431,Ishaan,Patel,63,F,i***@rediffmail.com,+91-6649XXXX64,4024b070ebbee83a,1963-06-13
P1432,Sai,Chatterjee,69,F,s***@outlook.com,+91-6405XXXX07,81eab1e909a502a1,1957-12-14
P1433,Reyansh,Naidu,22,F,r***@rediffmail.com,+91-7997XXXX79,42b2b1cf7b0dd383,2004-02-01
P1434,Kavya,Reddy,67,F,k***@rediffmail.com,+91-8545XXXX36,30173247c4a895bf,1959-05-27
P1435,Aditya,Pillai,76,F,a***@hotmail.com,+91-8630XXXX54,f64790ada2fdd25e,1950-03-16
P1436,Myra,Reddy,26,F,m***@yahoo.com,+91-6228XXXX91,6cd872ca3c5bed4d,2000-06-17
P1437,Krishna,Joshi,16,F,k***@hotmail.com,+91-6378XXXX34,481f01e2657d4f88,2010-07-21
P1438,Reyansh,Banerjee,51,F,r***@outlook.com,+91-6411XXXX27,afec8138787937be,1975-11-26
P1439,Aditya,Khan,86,M,a***@outlook.com,+91-8835XXXX86,153afe8704a132f9,1940-07-11
P1440,Reyansh,Chatterjee,57,M,r***@yahoo.com,+91-6333XXXX07,bdfa46c3ef0e1b1a,1969-02-04
P1441,Arjun,Khan,29,M,a***@yahoo.com,+91-6614XXXX82,7500eba8179efa90,1997-04-05
P1442,Aadhya,Nair,78,M,a***@yahoo.com,+91-7430XXXX48,7b037347aa95206d,1948-02-02
P1443,Sai,Naidu,69,F,s***@hotmail.com,+91-6603XXXX35,d5db0c855a533f90,1957-03-22
P1444,Sai,Gupta,47,M,s***@outlook.com,+91-6197XXXX48,b090cf0eee302350,1979-02-27
P1445,Diya,Naidu,62,F,d***@hotmail.com,+91-6667XXXX78,0507a20884a339bd,1964-03-15
P1446,Ishaan,Pillai,69,M,i***@gmail.com,+91-7996XXXX62,34d1560c7bb9671c,1957-09-05
P1447,Ananya,Mishra,76,M,a***@rediffmail.com,+91-8856XXXX57,1259abb7d1015855,1950-11-27
P1448,Diya,Joshi,16,M,d***@rediffmail.com,+91-7694XXXX62,a400e4b16d792541,2010-08-17
P1449,Diya,Sharma,48,F,d***@gmail.com,+91-6253XXXX47,2c21849a58b33d42,1978-02-08
P1450,Riya,Khan,85,M,r***@rediffmail.com,+91-9399XXXX78,4ce29ccbc54d1620,1941-08-04
P1451,Arjun,Iyer,39,F,a***@gmail.com,+91-8625XXXX06,76162c085bf119a8,1987-11-11
P1452,Aadhya,Naidu,33,F,a***@yahoo.com,+91-8767XXXX21,be03770e20a0fb20,1993-09-11
P1453,Diya,Iyer,23,M,d***@hotmail.com,+91-6920XXXX73,4d29ba9e301eed04,2003-09-22
P1454,Vivaan,Ghosh,10,M,v***@outlook.com,+91-7627XXXX11,3556d81a22b2a5fb,2016-08-18
P1455,Ira,Iyer,69,M,i***@yahoo.com,+91-6520XXXX55,59c8ecc3cc9f2c5d,1957-03-27
P1456,Arjun,Verma,34,F,a***@outlook.com,+91-8969XXXX70,07f3a9e5b018a535,1992-04-08
P1457,Arjun,Mishra,52,M,a***@outlook.com,+91-6838XXXX98,dd5a323b1ba14f21,1974-09-14
P1458,Vivaan,Khan,10,F,v***@outlook.com,+91-6847XXXX21,02b417ca82b7937b,2016-12-22
P1459,Krishna,Joshi,19,F,k***@yahoo.com,+91-8633XXXX73,1ca3b5458f4c1b66,2007-05-09
P1460,Kavya,Pillai,58,M,k***@gmail.com,+91-8715XXXX55,c1c144a493f41c24,1968-08-14
P1461,Reyansh,Verma,1,M,r***@yahoo.com,+91-8954XXXX60,8ef8b9673607936d,2025-09-15
P1462,Reyansh,Kulkarni,69,F,r***@hotmail.com,+91-7119XXXX63,6e41e13a3dc08cdd,1957-09-07
P1463,Vivaan,Gupta,4,F,v***@outlook.com,+91-9258XXXX80,ad28a8723e49cd4d,2022-05-22
P1464,Sai,Iyer,16,F,s***@hotmail.com,+91-7535XXXX38,3675bb8fa050cc96,2010-11-02
P1465,Vivaan,Chatterjee,24,M,v***@yahoo.com,+91-7392XXXX40,3b90d8dc073a8f46,2002-10-10
P1466,Aditya,Reddy,80,F,a***@gmail.com,+91-9490XXXX48,518a285503783c2e,1946-08-03
P1467,Ishaan,Sharma,2,M,i***@yahoo.com,+91-6930XXXX88,97304f6c65b8aa14,2024-08-14
P1468,Muhammad,Naidu,32,F,m***@outlook.com,+91-6626XXXX16,4b4a81c8fcf0182d,1994-12-12
P1469,Aadhya,Reddy,84,F,a***@outlook.com,+91-6792XXXX77,96adfaad912aaaec,1942-08-13
P1470,Myra,Kulkarni,24,M,m***@rediffmail.com,+91-8870XXXX72,7c3ae8aa6e61ddc3,2002-12-01
P1471,Anika,Iyer,12,F,a***@gmail.com,+91-7776XXXX16,f2d77e1795922527,2014-09-23
P1472,Aditya,Singh,50,M,a***@yahoo.com,+91-9951XXXX77,4ede7153e1ebcc1a,1976-06-06
P1473,Vivaan,Singh,35,M,v***@rediffmail.com,+91-9996XXXX07,1c8a30d6c8e1fc3e,1991-01-13
P1474,Shaurya,Sharma,33,F,s***@hotmail.com,+91-9744XXXX87,9bb621023d3e8c5b,1993-02-08
P1475,Saanvi,Banerjee,33,M,s***@yahoo.com,+91-7973XXXX43,c48390d896dadb0d,1993-03-14
P1476,Vivaan,Mehta,61,M,v***@yahoo.com,+91-6411XXXX14,158f475cd2e6910e,1965-06-23
P1477,Kavya,Mishra,51,F,k***@rediffmail.com,+91-7865XXXX42,24b1db4cbcfa03f9,1975-06-20
P1478,Myra,Kulkarni,43,M,m***@hotmail.com,+91-6105XXXX15,b87364411989d96f,1983-05-06
P1479,Shaurya,Pillai,12,M,s***@hotmail.com,+91-9464XXXX44,6355a40204ff7640,2014-08-28
P1480,Diya,Singh,67,M,d***@outlook.com,+91-8561XXXX50,314d1fba508e3c5c,1959-11-21
P1481,Ira,Khan,65,F,i***@rediffmail.com,+91-6302XXXX61,60690070a31ff086,1961-01-15
P1482,Saanvi,Singh,33,M,s***@outlook.com,+91-9591XXXX43,8285b3b127aae246,1993-10-22
P1483,Arjun,Das,40,F,a***@hotmail.com,+91-7726XXXX37,2913606f7dbbfc04,1986-11-22
P1484,Kavya,Mishra,74,F,k***@gmail.com,+91-9501XXXX78,886f8eac8554d068,1952-06-02
P1485,Sai,Nair,43,M,s***@hotmail.com,+91-9448XXXX27,27b4ff529b7533b4,1983-07-09
P1486,Vivaan,Singh,44,M,v***@yahoo.com,+91-7927XXXX97,df41a02675cb302d,1982-07-24
P1487,Ira,Banerjee,29,M,i***@outlook.com,+91-7485XXXX35,547ea4fa6891709f,1997-02-25
P1488,Aditya,Verma,13,F,a***@rediffmail.com,+91-8759XXXX17,085079ab68f17121,2013-11-21
P1489,Ishaan,Mehta,12,M,i***@hotmail.com,+91-6412XXXX94,90e64f60695084ac,2014-10-02
P1490,Ishaan,Gupta,46,M,i***@hotmail.com,+91-6148XXXX85,d35be780c07fa2f1,1980-02-25
P1491,Shaurya,Khan,2,M,s***@hotmail.com,+91-6222XXXX96,eaaa6292a50efe7c,2024-10-26
P1492,Myra,Agarwal,35,M,m***@outlook.com,+91-8969XXXX32,5b182c39a840a54f,1991-02-01
P1493,Shaurya,Pillai,87,M,s***@yahoo.com,+91-9594XXXX79,0c71b640c9609c78,1939-01-07
P1494,Krishna,Chatterjee,81,F,k***@gmail.com,+91-6847XXXX40,c0675dfa87a0577e,1945-03-16
P1495,Arjun,Nair,8,F,a***@rediffmail.com,+91-6225XXXX07,6645e9e47da35e76,2018-07-02
P1496,Shaurya,Verma,26,M,s***@outlook.com,+91-6210XXXX12,1f31394439aa47f4,2000-10-24
P1497,Ishaan,Naidu,74,M,i***@hotmail.com,+91-9349XXXX37,7067db2ef780756f,1952-08-20
P1498,Riya,Singh,34,M,r***@outlook.com,+91-9848XXXX28,1547f209ae1b5b4b,1992-11-11
P1499,Myra,Gupta,7,M,m***@hotmail.com,+91-9240XXXX36,8da8cc71473aa50c,2019-03-07
P1500,Ananya,Sharma,68,F,a***@yahoo.com,+91-9208XXXX50,a1ae769733d72f50,1958-03-27
P1501,Sai,Joshi,58,M,s***@hotmail.com,+91-6966XXXX92,f4c619974dc1219f,1968-06-25
P1502,Vivaan,Pillai,75,F,v***@gmail.com,+91-8262XXXX42,e348e0d20bfb1f3c,1951-01-17
P1503,Riya,Verma,29,F,r***@gmail.com,+91-7776XXXX19,ac3f9d413c09192d,1997-03-04
P1504,Riya,Ghosh,36,M,r***@yahoo.com,+91-9546XXXX87,dbbd17365482fbaf,1990-11-22
P1505,Myra,Mehta,89,F,m***@yahoo.com,+91-7908XXXX62,2d2b3d82c3339c2a,1937-03-25
P1506,Diya,Ghosh,21,F,d***@gmail.com,+91-6191XXXX15,ebc66c0f22944a2f,2005-05-14
P1507,Ananya,Khan,36,F,a***@rediffmail.com,+91-8874XXXX32,93ea835e2b5d7a23,1990-10-21
P1508,Shaurya,Reddy,10,F,s***@rediffmail.com,+91-8971XXXX78,8d1695d20a869f7a,2016-04-03
P1509,Ananya,Banerjee,73,M,a***@hotmail.com,+91-8659XXXX24,8600ab88f58d733c,1953-12-02
P1510,Diya,Chatterjee,24,M,d***@outlook.com,+91-8773XXXX87,f2bed08f10ffc0dc,2002-12-19
P1511,Ishaan,Joshi,64,F,i***@hotmail.com,+91-7476XXXX36,443cccb1f92c0742,1962-06-15
P1512,Reyansh,Nair,49,M,r***@gmail.com,+91-7864XXXX82,27d04e15581543db,1977-11-17
P1513,Myra,Kulkarni,36,M,m***@rediffmail.com,+91-9383XXXX61,0856ba2d0222561e,1990-03-23
P1514,Aditya,Kulkarni,82,M,a***@hotmail.com,+91-6845XXXX42,c3c88bfc7b438b9c,1944-06-19
P1515,Ishaan,Iyer,24,M,i***@outlook.com,+91-6661XXXX67,42b43f5fc1d9323c,2002-07-02
P1516,Reyansh,Banerjee,23,M,r***@outlook.com,+91-8331XXXX31,bb2fc52e45deab32,2003-10-15
P1517,Arjun,Verma,62,F,a***@outlook.com,+91-9610XXXX91,5680bbb00fb845fa,1964-07-13
P1518,Ira,Kulkarni,37,M,i***@yahoo.com,+91-9463XXXX01,7fe4864fc74092de,1989-02-07
P1519,Aditya,Verma,12,M,a***@hotmail.com,+91-6712XXXX41,5a3664e8a6ce267d,2014-12-27
P1520,Ira,Khan,55,M,i***@hotmail.com,+91-9190XXXX36,3a83cb1f3a7acd89,1971-01-28
P1521,Krishna,Verma,13,M,k***@hotmail.com,+91-8510XXXX68,606c50a3d3f522c9,2013-05-14
P1522,Reyansh,Singh,23,F,r***@yahoo.com,+91-6759XXXX64,2708b613916451a8,2003-07-27
P1523,Krishna,Verma,89,F,k***@gmail.com,+91-6317XXXX60,47f082df12315196,1937-08-18
P1524,Kavya,Banerjee,30,F,k***@rediffmail.com,+91-6619XXXX01,53f18b2b4aad4606,1996-10-14
P1525,Kavya,Ghosh,17,F,k***@rediffmail.com,+91-6782XXXX73,9295a6b51b2c666e,2009-01-27
P1526,Saanvi,Singh,62,M,s***@rediffmail.com,+91-8801XXXX99,ae9182f59e98d188,1964-05-02
P1527,Ananya,Mehta,84,F,a***@yahoo.com,+91-6422XXXX73,c4cc4d70526a8fc4,1942-11-09
P1528,Diya,Sharma,89,M,d***@rediffmail.com,+91-8364XXXX87,6e7cbb9655d58033,1937-01-22
P1529,Kavya,Singh,86,M,k***@yahoo.com,+91-9696XXXX64,989bf83ef921f90e,1940-06-13
P1530,Riya,Patel,13,M,r***@yahoo.com,+91-6233XXXX79,da13a46b5efb2f85,2013-11-10
P1531,Reyansh,Sharma,59,M,r***@yahoo.com,+91-7630XXXX17,8a8aa5f5e454ee7b,1967-09-16
P1532,Diya,Banerjee,19,M,d***@yahoo.com,+91-7808XXXX05,42260617442b2b1b,2007-09-24
P1533,Aditya,Verma,49,F,a***@outlook.com,+91-7827XXXX04,f9f4b8a39ddc7c63,1977-05-04
P1534,Ananya,Pillai,12,F,a***@hotmail.com,+91-9632XXXX01,39309b800f762ead,2014-04-11
P1535,Arjun,Pillai,61,F,a***@gmail.com,+91-6891XXXX63,e74b229a7cce9bf8,1965-07-26
P1536,Riya,Nair,19,F,r***@gmail.com,+91-8368XXXX23,101e6a34c0b78270,2007-08-25
P1537,Reyansh,Joshi,76,M,r***@gmail.com,+91-9721XXXX56,f24f3020837e9bf0,1950-10-21
P1538,Aditya,Mehta,9,F,a***@rediffmail.com,+91-6209XXXX34,58f7d5c1f0c775d1,2017-01-15
P1539,Anika,Nair,71,M,a***@rediffmail.com,+91-9953XXXX68,5563decb3ca768de,1955-02-01
P1540,Kavya,Khan,28,F,k***@hotmail.com,+91-6736XXXX29,de601a97cae10ef4,1998-03-26
P1541,Sai,Banerjee,78,M,s***@gmail.com,+91-6237XXXX67,89f501718b4fcd46,1948-10-11
P1542,Sai, Kulkarni,52,M,s***@outlook.com,+91-8108XXXX10,7dbc4cee61eeab31,1974-11-07
P1543,Saanvi,Naidu,83,F,s***@gmail.com,+91-9335XXXX71,2a890b72b707b9aa,1943-03-27
P1544,Vivaan,Naidu,16,M,v***@gmail.com,+91-8110XXXX58,c0da274bbff6850f,2010-01-07
P1545,Saanvi,Reddy,69,M,s***@yahoo.com,+91-8286XXXX02,1ee23228e23265da,1957-01-27
P1546,Aadhya,Kulkarni,12,F,a***@yahoo.com,+91-9803XXXX42,601bc8f9faa52a52,2014-12-03
P1547,Anika,Iyer,25,M,a***@gmail.com,+91-7240XXXX19,67c7d8bd28061e83,2001-04-28
P1548,Saanvi,Nair,52,F,s***@hotmail.com,+91-8947XXXX39,55a547085aaa0321,1974-11-20
P1549,Vivaan,Banerjee,85,F,v***@gmail.com,+91-7646XXXX14,0194750054d58b3f,1941-08-09
P1550,Ira,Agarwal,53,F,i***@hotmail.com,+91-9785XXXX66,cbc0c19e58290976,1973-10-06
P1551,Arjun,Agarwal,23,M,a***@outlook.com,+91-8691XXXX86,fd7bbc74d75cab5c,2003-10-11
P1552,Ananya,Patel,16,M,a***@rediffmail.com,+91-9602XXXX48,1f6510562e1f6286,2010-11-03
P1553,Anika,Khan,57,M,a***@outlook.com,+91-6416XXXX01,ca616639fe9393df,1969-04-11
P1554,Diya,Mishra,39,F,d***@yahoo.com,+91-8368XXXX47,b46a465123d3afad,1987-07-27
P1555,Saanvi,Joshi,53,M,s***@hotmail.com,+91-6606XXXX27,e6366a6256ef77cb,1973-12-27
P1556,Myra,Ghosh,42,F,m***@rediffmail.com,+91-8950XXXX43,73ca3db23ea3af20,1984-10-28
P1557,Anika,Kulkarni,58,F,a***@yahoo.com,+91-8892XXXX55,c180618de83e617c,1968-01-19
P1558,Diya,Joshi,39,M,d***@gmail.com,+91-7265XXXX10,c3c1e2fae6d64849,1987-04-16
P1559,Aditya,Khan,14,F,a***@gmail.com,+91-8711XXXX82,e515fe51e7609199,2012-04-03
P1560,Muhammad,Joshi,5,M,m***@rediffmail.com,+91-8321XXXX69,3731c8e17333e14e,2021-07-06
P1561,Aditya,Nair,35,M,a***@gmail.com,+91-7676XXXX47,56e25e98d1345215,1991-10-10
P1562,Diya,Kulkarni,87,M,d***@hotmail.com,+91-7639XXXX40,e95c6daf95f2a36e,1939-10-16
P1563,Aarav,Pillai,75,M,a***@rediffmail.com,+91-9718XXXX36,11fe34f80e29bb43,1951-10-24
P1564,Saanvi,Chatterjee,18,M,s***@rediffmail.com,+91-9513XXXX88,d4d94a5b99816e02,2008-08-14
P1565,Vivaan,Naidu,76,F,v***@hotmail.com,+91-6495XXXX44,1570c35376e66e1f,1950-01-03
P1566,Vivaan,Singh,9,F,v***@rediffmail.com,+91-9468XXXX57,1acdf97440b6975f,2017-02-03
P1567,Sara,Mehta,74,F,s***@hotmail.com,+91-7866XXXX39,b1fc10f63a3b6a1c,1952-09-24
P1568,Shaurya,Iyer,58,M,s***@rediffmail.com,+91-7183XXXX81,13359d8ecd0ef1a8,1968-11-26
P1569,Muhammad,Nair,17,M,m***@hotmail.com,+91-6519XXXX99,e7873804084e4ebe,2009-02-01
P1570,Ananya,Reddy,7,M,a***@rediffmail.com,+91-6115XXXX40,dc76c8cad55247b5,2019-06-18
P1571,Diya,Joshi,46,F,d***@yahoo.com,+91-7681XXXX93,d8e63aa234e8e173,1980-01-13
P1572,Sara,Banerjee,13,M,s***@yahoo.com,+91-9336XXXX89,6cab691772b22a74,2013-12-18
P1573,Ishaan,Singh,40,F,i***@hotmail.com,+91-7370XXXX77,63e32eaebb975b28,1986-10-19
P1574,Shaurya,Mehta,42,F,s***@rediffmail.com,+91-9648XXXX42,105c297ef743fee1,1984-10-03
P1575,Ananya,Mishra,9,M,a***@gmail.com,+91-7502XXXX80,40d01d2ca5ec280f,2017-05-11
P1576,Ira,Naidu,50,M,i***@gmail.com,+91-9795XXXX45,1b77077be2e81a30,1976-07-17
P1577,Shaurya,Joshi,27,F,s***@outlook.com,+91-7574XXXX89,9884fd5b551d17ac,1999-09-27
P1578,Shaurya,Singh,66,M,s***@yahoo.com,+91-7644XXXX67,8ddb93b16b1034a6,1960-05-19
P1579,Kavya,Nair,5,F,k***@rediffmail.com,+91-7391XXXX93,60057e4ae694e03a,2021-03-27
P1580,Krishna,Iyer,29,M,k***@rediffmail.com,+91-6918XXXX57,1baab9e6f5b3ea10,1997-05-15
P1581,Shaurya,Mishra,37,M,s***@outlook.com,+91-9703XXXX85,41de7fc11670e611,1989-12-24
P1582,Kavya,Pillai,38,F,k***@outlook.com,+91-9534XXXX96,2a934b5481ae7fe5,1988-10-06
P1583,Sara,Mishra,83,M,s***@yahoo.com,+91-9374XXXX36,e6db05ffacecd6bc,1943-11-23
P1584,Ananya,Iyer,8,F,a***@gmail.com,+91-7380XXXX99,c361b1dc9e4f1633,2018-07-23
P1585,Saanvi,Gupta,65,M,s***@hotmail.com,+91-6656XXXX07,f3ce8a33b13f2f0c,1961-12-28
P1586,Aditya,Banerjee,86,F,a***@gmail.com,+91-6783XXXX41,f712a4d4684996e8,1940-02-25
P1587,Ira,Mishra,17,F,i***@rediffmail.com,+91-9802XXXX83,1f2b4df4f26eddf0,2009-08-19
P1588,Sara,Singh,71,M,s***@yahoo.com,+91-7315XXXX99,32ca3dc32ab59d23,1955-07-04
P1589,Shaurya,Reddy,89,F,s***@outlook.com,+91-6467XXXX30,32de31dc75c56e26,1937-02-07
P1590,Vivaan,Naidu,45,M,v***@hotmail.com,+91-6503XXXX85,0345f0c2ca3038b7,1981-04-12
P1591,Krishna,Mehta,4,M,k***@rediffmail.com,+91-9755XXXX35,4fdd65a46b66fcde,2022-05-23
P1592,Ananya,Reddy,36,M,a***@yahoo.com,+91-8585XXXX43,db3b51fe909158fa,1990-04-20
P1593,Myra,Iyer,70,F,m***@rediffmail.com,+91-9893XXXX28,18f2652a4e4a680f,1956-10-26
P1594,Diya,Patel,31,F,d***@hotmail.com,+91-6237XXXX86,585935f6a7400555,1995-04-06
P1595,Reyansh,Mishra,19,M,r***@gmail.com,+91-6566XXXX39,d63f32835e1a3aad,2007-02-26
P1596,Vivaan,Das,61,M,v***@outlook.com,+91-7718XXXX15,ae855041e9ef6b4b,1965-02-04
P1597,Kavya,Agarwal,54,F,k***@gmail.com,+91-8895XXXX26,661b11a78f4ead31,1972-10-18
P1598,Aadhya,Gupta,39,M,a***@yahoo.com,+91-9554XXXX97,5e53ba11fa0652ac,1987-06-05
P1599,Ira,Nair,74,M,i***@outlook.com,+91-7636XXXX35,5c9167aeb5fbd999,1952-12-19
P1600,Sara,Agarwal,19,F,s***@rediffmail.com,+91-7631XXXX11,5d4be3d85bbce765,2007-11-28
P1601,Krishna,Naidu,39,M,k***@yahoo.com,+91-6688XXXX23,007e1230d18827f9,1987-12-28
P1602,Krishna,Sharma,67,F,k***@hotmail.com,+91-9204XXXX93,9f44575c6da9e45d,1959-03-07
P1603,Ananya,Gupta,45,M,a***@yahoo.com,+91-7889XXXX55,3774d5c92ec6e1c2,1981-03-02
P1604,Riya,Mishra,13,F,r***@gmail.com,+91-8737XXXX29,2f9ab69cea84cf68,2013-11-24
P1605,Anika,Kulkarni,58,M,a***@rediffmail.com,+91-6935XXXX00,3131bc03e1be8634,1968-04-01
P1606,Sara,Chatterjee,20,M,s***@hotmail.com,+91-9393XXXX69,84287f640abe6ebc,2006-12-28
P1607,Ira,Sharma,72,F,i***@hotmail.com,+91-7535XXXX27,bd9bb6276d73577f,1954-11-04
P1608,Krishna,Verma,61,M,k***@yahoo.com,+91-7105XXXX05,680408f91036dba0,1965-01-03
P1609,Vivaan,Mishra,39,F,v***@gmail.com,+91-8490XXXX90,f259b81312c01650,1987-10-16
P1610,Diya,Singh,1,M,d***@outlook.com,+91-8750XXXX68,a7825870d0664c5d,2025-10-18
P1611,Sai,Banerjee,3,F,s***@yahoo.com,+91-8397XXXX89,48ca7e2df31b42fd,2023-05-22
P1612,Ananya,Pillai,77,F,a***@rediffmail.com,+91-7675XXXX85,208aa5021018058e,1949-07-13
P1613,Arjun,Singh,62,F,a***@gmail.com,+91-7183XXXX01,6ac38bef5ea9cdce,1964-03-28
P1614,Aarav,Reddy,63,F,a***@yahoo.com,+91-8110XXXX79,b6c85377405081fb,1963-09-12
P1615,Kavya, Patel,25,M,k***@hotmail.com,+91-8692XXXX65,2e1fd9970e2953d3,2001-07-16
P1616,Anika,Kulkarni,56,M,a***@rediffmail.com,+91-7571XXXX15,315e9655f6d4397d,1970-06-28
P1617,Reyansh,Ghosh,33,F,r***@gmail.com,+91-6182XXXX04,271319e083ac24a4,1993-12-05
P1618,Ishaan,Sharma,38,F,i***@rediffmail.com,+91-9652XXXX75,c70b19846f11f9db,1988-11-20
P1619,Ananya,Banerjee,6,F,a***@gmail.com,+91-9280XXXX16,d2d01ee9bdfa4ace,2020-03-12
P1620,Saanvi,Kulkarni,58,M,s***@gmail.com,+91-8829XXXX34,d890e5b059814afa,1968-04-10
P1621,Aarav,Singh,44,M,a***@hotmail.com,+91-6597XXXX46,08f8dfc2f3433728,1982-06-24
P1622,Riya,Khan,45,M,r***@yahoo.com,+91-9480XXXX89,be86671ff89bff1c,1981-01-05
P1623,Diya,Mehta,32,M,d***@outlook.com,+91-7605XXXX62,56a326e580eaa110,1994-03-12
P1624,Riya,Naidu,45,F,r***@rediffmail.com,+91-6485XXXX15,891c4c3bf93d279a,1981-08-22
P1625,Riya,Patel,61,F,r***@outlook.com,+91-6552XXXX58,1bd17b9e97fb65ff,1965-03-05
P1626,Arjun,Kulkarni,47,F,a***@outlook.com,+91-6923XXXX12,d09f2ddb38d296a7,1979-07-08
P1627,Aditya,Iyer,21,M,a***@hotmail.com,+91-7883XXXX95,2f08fdb054999020,2005-10-06
P1628,Sara,Verma,80,M,s***@yahoo.com,+91-7346XXXX07,7b384d98a3a67c51,1946-01-13
P1629,Kavya,Banerjee,85,M,k***@rediffmail.com,+91-8851XXXX55,9725fbc9d918f3ee,1941-06-09
P1630,Aadhya,Chatterjee,75,F,a***@outlook.com,+91-9365XXXX55,5ef918063c3198b7,1951-02-14
P1631,Muhammad,Das,36,F,m***@outlook.com,+91-7798XXXX40,53bc530b4a5dc1a7,1990-04-23
P1632,Ananya,Kulkarni,19,M,a***@rediffmail.com,+91-6180XXXX57,21c2e9fe4e9fc303,2007-09-23
P1633,Sara,Verma,20,F,s***@outlook.com,+91-8493XXXX19,6da6c31e8f0d84bd,2006-12-05
P1634,Riya,Naidu,57,M,r***@outlook.com,+91-6707XXXX35,7b3520b00720e6c9,1969-07-13
P1635,Aarav,Khan,18,M,a***@hotmail.com,+91-8322XXXX97,a7fc25c3dd5db34e,2008-05-28
P1636,Reyansh,Ghosh,47,F,r***@yahoo.com,+91-8860XXXX98,81c57777e13aa428,1979-03-09
P1637,Aditya,Nair,49,M,a***@gmail.com,+91-7984XXXX42,0b2533a4f68ccfbd,1977-07-20
P1638,Krishna,Banerjee,14,F,k***@outlook.com,+91-8161XXXX39,349e08b933e4d1f3,2012-11-21
P1639,Diya,Mishra,15,M,d***@hotmail.com,+91-7977XXXX20,b8c23726e1914fdf,2011-03-16
P1640,Krishna,Banerjee,31,F,k***@gmail.com,+91-9294XXXX80,93152b48920f3f08,1995-07-22
P1641,Myra,Gupta,1,F,m***@hotmail.com,+91-7174XXXX94,273a1ea13534747d,2025-07-13
P1642,Shaurya,Banerjee,54,F,s***@gmail.com,+91-6987XXXX59,b3d48e8d5984af9a,1972-12-27
P1643,Muhammad,Das,3,M,m***@outlook.com,+91-6317XXXX11,4449251404804e37,2023-12-09
P1644,Diya,Iyer,16,M,d***@hotmail.com,+91-6122XXXX13,354f9f8ec572f4c0,2010-07-13
P1645,Aditya,Singh,87,F,a***@yahoo.com,+91-8803XXXX76,727f201e2141cdc5,1939-10-11
P1646,Ananya,Gupta,57,F,a***@gmail.com,+91-8191XXXX29,62c0eafb63b82ed0,1969-10-27
P1647,Anika,Nair,75,M,a***@outlook.com,+91-8211XXXX05,5b0279e88b5cdf42,1951-12-26
P1648,Arjun,Agarwal,12,M,a***@rediffmail.com,+91-6221XXXX53,e36dd7458c5eafed,2014-07-16
P1649,Aditya,Joshi,74,M,a***@rediffmail.com,+91-8248XXXX65,09a6be49affb9340,1952-02-19
P1650,Aadhya,Mehta,16,F,a***@rediffmail.com,+91-7854XXXX01,553605d01afd0345,2010-06-12
P1651,Krishna,Singh,72,M,k***@yahoo.com,+91-8594XXXX71,b70198f89cc2d7b6,1954-12-14
P1652,Aarav,Chatterjee,76,M,a***@outlook.com,+91-6853XXXX12,cdab13ac477e214e,1950-02-01
P1653,Shaurya,Reddy,24,F,s***@hotmail.com,+91-9260XXXX42,efd2a26fa771ba0a,2002-03-02
P1654,Ishaan,Nair,28,M,i***@gmail.com,+91-7640XXXX45,01690c30080cbf62,1998-03-09
P1655,Aditya,Singh,8,M,a***@gmail.com,+91-9234XXXX15,74ffdca75778fa46,2018-06-21
P1656,Aarav,Chatterjee,36,M,a***@rediffmail.com,+91-9276XXXX15,1a2a8776a3476b0f,1990-04-10
P1657,Sai,Kulkarni,8,F,s***@yahoo.com,+91-6170XXXX21,5caf8bd9891a09ee,2018-10-02
P1658,Saanvi,Joshi,58,F,s***@hotmail.com,+91-9149XXXX85,7ca3bd11a5795434,1968-12-12
P1659,Riya,Mishra,60,F,r***@yahoo.com,+91-6455XXXX97,d770b43cf5c6ed24,1966-03-05
P1660,Anika,Das,50,F,a***@rediffmail.com,+91-6772XXXX16,5300c5ffe735eba8,1976-06-10
P1661,Krishna,Nair,28,F,k***@outlook.com,+91-9142XXXX26,748405f5c57f45be,1998-05-18
P1662,Ira,Verma,41,F,i***@gmail.com,+91-9201XXXX29,a719103c6e36a66c,1985-03-23
P1663,Saanvi,Das,64,F,s***@rediffmail.com,+91-8608XXXX77,c7332bc8c7593beb,1962-11-05
P1664,Myra,Naidu,27,M,m***@rediffmail.com,+91-8650XXXX04,0e4b1e020d3eadd3,1999-12-27
P1665,Vivaan,Singh,63,M,v***@hotmail.com,+91-6265XXXX33,fe3ab0867a43a90c,1963-08-15
P1666,Diya,Das,17,F,d***@hotmail.com,+91-9217XXXX92,1a985e4a83192802,2009-08-07
P1667,Shaurya,Agarwal,73,M,s***@rediffmail.com,+91-6398XXXX47,b8b3f2d97d13f18c,1953-01-26
P1668,Ishaan,Banerjee,33,M,i***@outlook.com,+91-9608XXXX29,2cfa5a34100ccbd9,1993-07-03
P1669,Myra,Mehta,84,F,m***@outlook.com,+91-9550XXXX16,3e2a943419b6c194,1942-07-16
P1670,Aarav,Banerjee,77,M,a***@rediffmail.com,+91-7848XXXX82,376564ceb1e32e18,1949-06-22
P1671,Aadhya,Verma,29,M,a***@outlook.com,+91-6261XXXX80,c3ed10feba6acdfb,1997-11-19
P1672,Diya,Joshi,13,M,d***@gmail.com,+91-6334XXXX10,99bd2cbba3c0435e,2013-06-27
P1673,Muhammad,Das,46,M,m***@outlook.com,+91-6424XXXX00,8524efa617675994,1980-06-04
P1674,Myra,Agarwal,35,M,m***@yahoo.com,+91-9559XXXX07,3d78b4cf18321d35,1991-02-03
P1675,Myra,Das,6,F,m***@gmail.com,+91-6797XXXX95,06d5fffd2a35481a,2020-11-10
P1676,Reyansh,Reddy,82,F,r***@rediffmail.com,+91-7339XXXX01,c18c2960041f08a4,1944-06-26
P1677,Diya,Naidu,69,F,d***@yahoo.com,+91-8387XXXX24,90aa0fc8a939784f,1957-12-20
P1678,Arjun,Joshi,47,M,a***@outlook.com,+91-8282XXXX47,87375c3cb023c9fc,1979-11-13
P1679,Sai,Pillai,25,F,s***@yahoo.com,+91-9441XXXX59,0819d99acef19340,2001-03-11
P1680,Ira,Iyer,66,M,i***@yahoo.com,+91-6200XXXX73,ef50c91e1fac910b,1960-12-24
P1681,Anika,Agarwal,10,M,a***@yahoo.com,+91-9781XXXX22,6ab2949f303e77ae,2016-02-05
P1682,Krishna,Nair,56,M,k***@gmail.com,+91-6219XXXX15,bcc682ba2a0651d6,1970-04-13
P1683,Arjun,Das,30,M,a***@gmail.com,+91-9954XXXX66,b91642d84cbc4854,1996-05-01
P1684,Kavya,Banerjee,5,F,k***@yahoo.com,+91-6225XXXX05,5f26544440901908,2021-10-01
P1685,Myra,Ghosh,33,F,m***@hotmail.com,+91-6656XXXX15,bdca392a4e469c57,1993-05-09
P1686,Ishaan,Khan,65,M,i***@rediffmail.com,+91-7198XXXX65,d0d13a2e0943ae0b,1961-11-28
P1687,Aadhya,Pillai,18,F,a***@outlook.com,+91-9210XXXX35,191057f1745907a6,2008-10-04
P1688,Saanvi,Gupta,49,M,s***@hotmail.com,+91-9560XXXX96,db864da787aa0671,1977-05-20
P1689,Ira,Patel,11,F,i***@hotmail.com,+91-8527XXXX29,e3c0f9451791a2ee,2015-03-25
P1690,Krishna,Kulkarni,85,F,k***@outlook.com,+91-6110XXXX56,367aae1957b5a1e1,1941-10-07
P1691,Vivaan,Agarwal,26,M,v***@hotmail.com,+91-7210XXXX13,9a09e0c799e1a4fc,2000-08-16
P1692,Sara,Verma,63,F,s***@gmail.com,+91-8552XXXX48,f943a3357f8f6664,1963-01-21
P1693,Ira,Gupta,89,M,i***@hotmail.com,+91-6595XXXX51,bd88579048583643,1937-07-24
P1694,Saanvi,Patel,86,F,s***@outlook.com,+91-8440XXXX06,b81b2debd59927ca,1940-11-04
P1695,Kavya, iyer,59,M,k***@outlook.com,+91-6131XXXX49,2f4e1c6c94f266a5,1967-09-01
P1696,Riya,Sharma,27,M,r***@gmail.com,+91-7442XXXX49,cd61b14ca34f1d0a,1999-06-25
P1697,Aditya,Nair,49,F,a***@rediffmail.com,+91-7198XXXX26,c74195ea4fea1c0c,1977-01-22
P1698,Ira,Naidu,77,F,i***@yahoo.com,+91-9978XXXX72,698902aaf83d69c9,1949-11-05
P1699,Vivaan,Agarwal,33,M,v***@hotmail.com,+91-6239XXXX08,01db20dd1e661ba6,1993-03-22
P1700,Kavya,Pillai,1,F,k***@outlook.com,+91-6258XXXX46,ebfc430b0dc8b69f,2025-06-09
P1701,Aditya,Gupta,21,F,a***@gmail.com,+91-6480XXXX15,33873dbe9db568ea,2005-02-02
P1702,Aadhya,Mehta,55,M,a***@rediffmail.com,+91-9308XXXX01,aad69902e97be24f,1971-11-02
P1703,Aditya,Joshi,6,M,a***@yahoo.com,+91-6335XXXX83,c425864f09872e27,2020-12-23
P1704,Shaurya,Singh,81,F,s***@rediffmail.com,+91-9521XXXX14,94c208fc148b77fd,1945-02-06
P1705,Saanvi,Sharma,69,M,s***@hotmail.com,+91-9893XXXX50,46ac8a269728706a,1957-07-11
P1706,Arjun,Patel,5,M,a***@gmail.com,+91-7383XXXX55,6145562f152a1533,2021-01-27
P1707,Saanvi,Das,3,M,s***@gmail.com,+91-8996XXXX35,928903338c3e051c,2023-09-09
P1708,Anika,Ghosh,53,F,a***@rediffmail.com,+91-8491XXXX93,38ee2b2114e5eca2,1973-03-14
P1709,Sai,Patel,23,F,s***@yahoo.com,+91-7483XXXX75,16ff41108c92f7a1,2003-11-22
P1710,Vivaan,Verma,53,M,v***@hotmail.com,+91-9665XXXX58,b68484c7f85fe335,1973-09-23
P1711,Ira, Joshi,37,F,i***@outlook.com,+91-6565XXXX22,6e69f83f1863fcc7,1989-10-18
P1712,Krishna,Joshi,74,M,k***@rediffmail.com,+91-8808XXXX98,8cb7d2dab1e42180,1952-12-07
P1713,Kavya,Verma,74,F,k***@rediffmail.com,+91-6412XXXX00,78883823c386e800,1952-05-06
P1714,Ira,Joshi,83,M,i***@hotmail.com,+91-9828XXXX47,037f0524fb1842ce,1943-05-19
P1715,Vivaan,Mishra,17,M,v***@rediffmail.com,+91-7503XXXX59,3b2d2abc66324d64,2009-07-14
P1716,Shaurya,Mehta,85,F,s***@rediffmail.com,+91-6700XXXX81,ca0d0b434f7086b8,1941-09-19
P1717,Arjun,Pillai,78,M,a***@outlook.com,+91-6911XXXX61,5786764771c4b2fc,1948-06-20
P1718,Aditya,Joshi,73,F,a***@gmail.com,+91-8707XXXX25,2e23989d726fd15b,1953-03-08
P1719,Shaurya,Ghosh,1,F,s***@yahoo.com,+91-8774XXXX85,bc844cb51f505180,2025-02-08
P1720,Anika,Agarwal,51,M,a***@yahoo.com,+91-6608XXXX33,f996aeec08e5082d,1975-05-27
P1721,Kavya,Kulkarni,45,M,k***@hotmail.com,+91-9806XXXX85,a4f3fd212b0142ba,1981-08-16
P1722,Shaurya,Naidu,77,F,s***@outlook.com,+91-8816XXXX16,ec181761d5e141b1,1949-01-10
P1723,Kavya,Iyer,4,M,k***@rediffmail.com,+91-6705XXXX93,d6de41b9b97590b7,2022-05-01
P1724,Myra,Patel,62,M,m***@yahoo.com,+91-8637XXXX64,77d0ab6915ad3c7c,1964-08-23
P1725,Aadhya,Singh,65,M,a***@yahoo.com,+91-8942XXXX86,7827794bfbea6866,1961-03-23
P1726,Muhammad,Reddy,32,M,m***@outlook.com,+91-8727XXXX17,cbdfdc6b1b0c5ce9,1994-04-25
P1727,Aadhya,das,34,M,a***@yahoo.com,+91-6286XXXX84,b910e80b016bb1f8,1992-11-27
P1728,Ira, patel,72,F,i***@yahoo.com,+91-9973XXXX17,584e4ae7156e3f8e,1954-10-18
P1729,Aarav,Naidu,39,F,a***@rediffmail.com,+91-9176XXXX27,bf1fbe8a39b36d73,1987-06-01
P1730,Myra,Patel,26,M,m***@yahoo.com,+91-8989XXXX81,cb0a60cb88f7b496,2000-09-10
P1731,Krishna,Mishra,34,M,k***@rediffmail.com,+91-6686XXXX47,7a6bd606c1af93b4,1992-03-07
P1732,Ira,Reddy,54,M,i***@hotmail.com,+91-8913XXXX46,46c6d302ec0de3ce,1972-02-18
P1733,Anika,Nair,3,F,a***@rediffmail.com,+91-7390XXXX88,02c5d7cacd367720,2023-01-01
P1734,Aadhya,Naidu,50,M,a***@yahoo.com,+91-9832XXXX06,d5ffac0965214ab8,1976-08-04
P1735,Aarav,Kulkarni,12,F,a***@hotmail.com,+91-8477XXXX69,fc30f759a1de286e,2014-10-02
P1736,Aarav,Naidu,65,F,a***@gmail.com,+91-7972XXXX13,84dfb76a1002f622,1961-05-05
P1737,Ishaan,Chatterjee,54,F,i***@hotmail.com,+91-9614XXXX77,6c913b226e127a73,1972-09-10
P1738,Ananya,Pillai,5,M,a***@yahoo.com,+91-8442XXXX91,1f8c2d509d2fd1e4,2021-09-08
P1739,Sai,Pillai,57,F,s***@outlook.com,+91-7231XXXX13,63da308408193843,1969-10-13
P1740,Sara,Chatterjee,17,M,s***@outlook.com,+91-6164XXXX10,c5882fdc0f843e07,2009-03-22
P1741,Anika,Ghosh,47,F,a***@rediffmail.com,+91-6809XXXX42,a1ab9ad84d323b51,1979-12-27
P1742,Aditya,Mehta,23,M,a***@hotmail.com,+91-9559XXXX47,08cd51de23be2e55,2003-03-13
P1743,Saanvi,Mishra,79,F,s***@rediffmail.com,+91-7241XXXX44,79ca61d27a3439f4,1947-05-12
P1744,Saanvi,Pillai,85,M,s***@outlook.com,+91-8940XXXX24,ede4dc8178ddcbd8,1941-01-15
P1745,Muhammad,Kulkarni,14,F,m***@gmail.com,+91-8615XXXX19,4aea20aee3fdcc51,2012-03-09
P1746,Aarav,Mishra,66,M,a***@outlook.com,+91-8631XXXX91,1ae3dd458eeb2299,1960-10-11
P1747,Kavya,Joshi,75,M,k***@gmail.com,+91-7165XXXX17,139c8766e815d568,1951-08-04
P1748,Sara,Singh,51,M,s***@hotmail.com,+91-6354XXXX59,f9d167e385da135e,1975-06-11
P1749,Sara,Agarwal,38,M,s***@rediffmail.com,+91-8605XXXX02,29e9f14e71381a0a,1988-04-26
P1750,Ananya,Verma,64,F,a***@outlook.com,+91-8330XXXX35,42acc10f159fd2bc,1962-12-14
P1751,Sai,Reddy,38,F,s***@hotmail.com,+91-6666XXXX19,c57c63e3327e8392,1988-06-08
P1752,Ira,Singh,50,M,i***@outlook.com,+91-7589XXXX56,ccf0bfac3908da01,1976-11-16
P1753,Diya,Reddy,82,F,d***@hotmail.com,+91-7582XXXX43,901bb120487eae58,1944-06-11
P1754,Arjun,Gupta,30,M,a***@gmail.com,+91-6538XXXX30,9fce9c7ab861a312,1996-05-25
P1755,Reyansh,Verma,79,M,r***@hotmail.com,+91-9897XXXX03,939b526ab02200bc,1947-06-05
P1756,Ira,Nair,51,F,i***@rediffmail.com,+91-7864XXXX73,53cef078733dff19,1975-07-21
P1757,Anika,Ghosh,63,M,a***@rediffmail.com,+91-9410XXXX93,9ca5f86f1c561b83,1963-07-11
P1758,Shaurya,Agarwal,52,M,s***@rediffmail.com,+91-7646XXXX38,8d36febc12352b01,1974-09-28
P1759,Vivaan,Pillai,38,F,v***@rediffmail.com,+91-8446XXXX43,79b61b3657e6895c,1988-02-12
P1760,Sai,Agarwal,88,M,s***@outlook.com,+91-7227XXXX55,d322a8dfeb735dd9,1938-03-04
P1761,Myra,Joshi,79,M,m***@yahoo.com,+91-7129XXXX72,ae450ad77973df07,1947-07-24
P1762,Sara,Nair,30,M,s***@rediffmail.com,+91-7992XXXX57,9070b51eda71b597,1996-06-26
P1763,Sara,Patel,51,M,s***@gmail.com,+91-7880XXXX60,562e3f946902f92c,1975-02-23
P1764,Myra,Gupta,81,F,m***@hotmail.com,+91-8304XXXX23,0c706fd7c6ed4b14,1945-08-27
P1765,Saanvi,Gupta,5,F,s***@yahoo.com,+91-9403XXXX88,4889e6c3e5def822,2021-12-06
P1766,Ira,Banerjee,29,F,i***@gmail.com,+91-9838XXXX81,b23be226c414c6b9,1997-11-16
P1767,Sai,Singh,4,M,s***@rediffmail.com,+91-9741XXXX74,361154acb0d66183,2022-11-14
P1768,Krishna,Ghosh,10,M,k***@gmail.com,+91-7599XXXX05,1ee300a50f5bc368,2016-05-17
P1769,Aditya,Ghosh,56,F,a***@yahoo.com,+91-9165XXXX00,8e63f78fd9e9d2e6,1970-08-24
P1770,Myra,Mehta,17,M,m***@yahoo.com,+91-8783XXXX20,070284d88d3b0d34,2009-06-05
P1771,Kavya,Reddy,74,M,k***@hotmail.com,+91-6875XXXX84,19ebe9e945fe06d4,1952-04-06
P1772,Sai,Chatterjee,17,M,s***@hotmail.com,+91-9870XXXX96,ad9a28767caa746f,2009-09-04
P1773,Saanvi,Singh,84,M,s***@hotmail.com,+91-9949XXXX71,0ea1b43fbbf2a5d2,1942-11-13
P1774,Aditya,Ghosh,88,F,a***@yahoo.com,+91-8191XXXX42,1c7c465b3059999e,1938-04-27
P1775,Kavya,Das,69,F,k***@hotmail.com,+91-8942XXXX58,7c15abe3ca0cab6d,1957-07-10
P1776,Ananya,Banerjee,34,F,a***@rediffmail.com,+91-6338XXXX89,4a463d0f5a3ca46a,1992-06-25
P1777,Arjun,Sharma,6,M,a***@hotmail.com,+91-6585XXXX97,67f127ea8be51698,2020-03-26
P1778,Krishna,Verma,53,F,k***@gmail.com,+91-6702XXXX40,96b0d982db67ba17,1973-04-02
P1779,Muhammad,Naidu,66,F,m***@rediffmail.com,+91-8542XXXX89,c6de111fcf1865b5,1960-08-18
P1780,Reyansh,Naidu,77,M,r***@rediffmail.com,+91-8800XXXX33,4b5c6a8c3a817ac9,1949-01-06
P1781,Arjun,Singh,43,M,a***@hotmail.com,+91-6278XXXX42,e096cf43e6a4ad2b,1983-07-01
P1782,Sara,Nair,75,F,s***@outlook.com,+91-8606XXXX90,b33aad4005111671,1951-08-03
P1783,Anika,Kulkarni,23,F,a***@gmail.com,+91-8853XXXX18,92afcdc7107b347f,2003-02-12
P1784,Ira,Kulkarni,55,F,i***@hotmail.com,+91-7470XXXX34,acf82f239e137c25,1971-09-21
P1785,Aadhya,Kulkarni,80,F,a***@yahoo.com,+91-6736XXXX20,8511571512d99960,1946-06-19
P1786,Krishna,Verma,75,M,k***@hotmail.com,+91-8966XXXX25,bfe0fbf95bec174e,1951-08-28
P1787,Reyansh,Mehta,16,F,r***@gmail.com,+91-8183XXXX12,42b8001d386afd80,2010-07-13
P1788,Reyansh,Mishra,8,F,r***@rediffmail.com,+91-9481XXXX66,2dd766ed175ea40b,2018-08-16
P1789,Anika,Ghosh,4,M,a***@outlook.com,+91-6699XXXX21,32bd10c3ee6dadb6,2022-07-12
P1790,Sai,Banerjee,4,F,s***@yahoo.com,+91-6310XXXX95,2a4186a44f05f3eb,2022-01-20
P1791,Ananya,Joshi,56,M,a***@outlook.com,+91-6794XXXX66,a9ceac3cfa3837ce,1970-08-06
P1792,Ishaan,Chatterjee,25,M,i***@rediffmail.com,+91-6141XXXX63,7258c412c102ebcd,2001-06-04
P1793,Anika,Joshi,67,M,a***@hotmail.com,+91-8308XXXX40,d71d5129ea314ccc,1959-02-07
P1794,Krishna,Joshi,67,F,k***@hotmail.com,+91-7882XXXX95,2119a072633b489d,1959-05-09
P1795,Sara,Chatterjee,27,F,s***@hotmail.com,+91-8226XXXX63,ee0ca0bcf3ab27c4,1999-06-19
P1796,Diya,Agarwal,32,M,d***@gmail.com,+91-7946XXXX66,b6b89f036ffac786,1994-12-10
P1797,Anika,Joshi,50,F,a***@yahoo.com,+91-8250XXXX47,91359af52e358acd,1976-02-16
P1798,Aarav,Mishra,61,F,a***@outlook.com,+91-8474XXXX10,93fa193d9adac99b,1965-11-26
P1799,Muhammad,Singh,51,M,m***@outlook.com,+91-7467XXXX24,e848067bceba3665,1975-09-22
P1800,Reyansh,Joshi,19,M,r***@yahoo.com,+91-9250XXXX15,3dbfc60b088943b7,2007-03-14
P1801,Arjun,Sharma,21,F,a***@rediffmail.com,+91-8461XXXX32,f06db37ad6dfa2a1,2005-10-19
P1802,Myra,Gupta,5,M,m***@rediffmail.com,+91-9608XXXX41,aa4597f5471929b4,2021-07-14
P1803,Krishna,Singh,82,F,k***@outlook.com,+91-9736XXXX63,84e81d3b2cb2d0e7,1944-01-03
P1804,Muhammad,Banerjee,42,F,m***@outlook.com,+91-7960XXXX30,4a0c460adf7dfa4a,1984-03-08
P1805,Kavya,Patel,61,F,k***@yahoo.com,+91-9196XXXX65,be80b8652f89d18b,1965-12-07
P1806,Sai,Ghosh,22,F,s***@rediffmail.com,+91-9992XXXX34,7c57c3c9de67611f,2004-07-18
P1807,Aadhya,Kulkarni,21,M,a***@gmail.com,+91-8624XXXX45,47ae530aff0ce963,2005-10-25
P1808,Aditya,Joshi,70,M,a***@outlook.com,+91-8515XXXX93,8a4413d13705b31a,1956-11-24
P1809,Diya,Mishra,1,M,d***@gmail.com,+91-9962XXXX14,b7c116808f77c2d5,2025-01-10
P1810,Ishaan,Naidu,5,M,i***@rediffmail.com,+91-8896XXXX36,bc44ff0e72855c7a,2021-09-25
P1811,Muhammad, Banerjee,12,F,m***@rediffmail.com,+91-6261XXXX51,845aa53e0f0056dd,2014-01-04
P1812,Muhammad,Patel,46,F,m***@yahoo.com,+91-9562XXXX81,2dbf65317c042feb,1980-01-05
P1813,Kavya,Joshi,34,M,k***@hotmail.com,+91-6510XXXX54,e5492d79ac2bc7ea,1992-04-19
P1814,Reyansh,Pillai,49,F,r***@outlook.com,+91-8760XXXX75,f3ebe11fd5134751,1977-09-22
P1815,Myra,Agarwal,78,F,m***@gmail.com,+91-9294XXXX85,c08af2a780bf4339,1948-11-11
P1816,Shaurya,Joshi,45,F,s***@gmail.com,+91-7341XXXX60,f6cf7b3c49f1ec37,1981-09-13
P1817,Reyansh,Patel,27,M,r***@rediffmail.com,+91-6468XXXX34,983f60f36a3ff07e,1999-07-02
P1818,Aditya,Das,73,M,a***@hotmail.com,+91-6777XXXX76,f04d8e84c56d5d09,1953-01-05
P1819,Vivaan,Joshi,26,M,v***@hotmail.com,+91-7770XXXX88,1a90f0ef203d05e0,2000-07-20
P1820,Myra,Banerjee,47,F,m***@gmail.com,+91-6524XXXX04,424d10326d3aabec,1979-07-20
P1821,Aadhya,Pillai,86,M,a***@outlook.com,+91-8927XXXX27,6bd3fc55cd9dc9bb,1940-08-06
P1822,Ira,Agarwal,56,M,i***@yahoo.com,+91-9409XXXX31,c8920c34ac94e295,1970-11-01
P1823,Reyansh,Banerjee,63,M,r***@hotmail.com,+91-7248XXXX94,16fdc8dfda7c4317,1963-10-21
P1824,Ira,Agarwal,48,M,i***@rediffmail.com,+91-6497XXXX12,179687b66644dc1f,1978-12-07
P1825,Ishaan,Iyer,61,M,i***@outlook.com,+91-7414XXXX43,5e30cae51fe4353c,1965-09-21
P1826,Ananya,Agarwal,81,M,a***@gmail.com,+91-8271XXXX92,46eacc16b71342dc,1945-12-18
P1827,Ananya,Khan,26,F,a***@gmail.com,+91-6570XXXX71,af6637ea950a70ae,2000-03-28
P1828,Reyansh,Banerjee,36,F,r***@outlook.com,+91-6875XXXX88,840263b339221b9e,1990-08-23
P1829,Ananya,Reddy,1,M,a***@rediffmail.com,+91-7912XXXX09,f5829f3a5a2bd803,2025-03-17
P1830,Myra,Joshi,8,M,m***@outlook.com,+91-6337XXXX65,576de149b57656d4,2018-12-26
P1831,Diya,Banerjee,52,F,d***@yahoo.com,+91-7752XXXX49,1863d38ac24eeb1e,1974-06-24
P1832,Kavya,Banerjee,79,F,k***@hotmail.com,+91-9612XXXX89,ba4c8bb1c6e62891,1947-09-16
P1833,Aadhya,Das,47,M,a***@yahoo.com,+91-9507XXXX54,c6ea377b58d270f5,1979-06-16
P1834,Riya,Singh,56,M,r***@rediffmail.com,+91-6901XXXX03,a6f0d6d0eccc03ff,1970-09-28
P1835,Ishaan,Naidu,86,M,i***@hotmail.com,+91-6956XXXX26,034a17b7ce7659bd,1940-01-20
P1836,Saanvi,Chatterjee,14,M,s***@outlook.com,+91-8198XXXX89,31e94414cf40766f,2012-08-04
P1837,Ananya,Gupta,28,F,a***@hotmail.com,+91-6442XXXX35,67dcc4a3d8ad785f,1998-10-16
P1838,Ishaan,Kulkarni,87,M,i***@outlook.com,+91-6724XXXX67,92b1878da49300a8,1939-08-21
P1839,Ishaan,Nair,78,M,i***@yahoo.com,+91-8644XXXX90,8fe58061bdaf64c0,1948-11-15
P1840,Aditya,Joshi,88,M,a***@gmail.com,+91-7623XXXX12,e08dcbb0fe43e865,1938-06-21
P1841,Diya,Das,2,M,d***@hotmail.com,+91-7307XXXX84,b7d2c257b5b3d49e,2024-04-19
P1842,Ira,Banerjee,26,F,i***@yahoo.com,+91-8267XXXX42,e6b5d1479224b680,2000-04-09
P1843,Vivaan,Patel,14,F,v***@rediffmail.com,+91-8498XXXX49,c993ae44f6f4b60f,2012-07-02
P1844,Vivaan,Pillai,59,F,v***@rediffmail.com,+91-8793XXXX41,c94f1081dff18e78,1967-07-11
P1845,Aadhya,Sharma,56,M,a***@hotmail.com,+91-7956XXXX50,96f669e970a8e908,1970-08-02
P1846,Vivaan,Verma,7,M,v***@rediffmail.com,+91-9368XXXX38,d945a8b39dbff440,2019-05-04
P1847,Ananya,Agarwal,3,F,a***@rediffmail.com,+91-7905XXXX62,c3bc1b764ba25de5,2023-04-11
P1848,Kavya,Reddy,23,M,k***@hotmail.com,+91-8697XXXX23,09889552450c56e1,2003-04-15
P1849,Anika,Nair,18,M,a***@outlook.com,+91-8313XXXX11,45e06de51a659896,2008-01-17
P1850,Aarav,Agarwal,38,F,a***@outlook.com,+91-6707XXXX23,eaecb81641acd228,1988-02-18
P1851,Reyansh,Patel,15,F,r***@gmail.com,+91-7957XXXX32,c1d4ad5fb5976169,2011-11-11
P1852,Sai,Gupta,64,F,s***@gmail.com,+91-7795XXXX52,31c41e208ff6fb54,1962-01-01
P1853,Diya,Agarwal,89,F,d***@yahoo.com,+91-8558XXXX41,72b1ba3d96a148dd,1937-04-25
P1854,Kavya,Banerjee,28,M,k***@yahoo.com,+91-7431XXXX65,25b78e16c44eb2cd,1998-04-22
P1855,Muhammad,Naidu,74,M,m***@yahoo.com,+91-7425XXXX81,88271d07baa0e0d1,1952-08-28
P1856,Diya,Khan,39,F,d***@yahoo.com,+91-9152XXXX40,2ce98bdc6231724f,1987-12-17
P1857,Ira,Khan,57,M,i***@gmail.com,+91-7912XXXX90,3b9313c9e6500f17,1969-08-09
P1858,Myra,Gupta,17,F,m***@hotmail.com,+91-6590XXXX59,0a0ec7e7c2214c99,2009-04-23
P1859,Shaurya,Khan,86,F,s***@rediffmail.com,+91-6165XXXX93,77dd79b2f705d40a,1940-12-26
P1860,Sara,Chatterjee,44,M,s***@yahoo.com,+91-8217XXXX07,ca832f316b63028e,1982-06-01
P1861,Ananya,Mishra,25,F,a***@rediffmail.com,+91-6889XXXX48,8275ff02b2e962a3,2001-04-03
P1862,Diya,Joshi,17,M,d***@rediffmail.com,+91-6220XXXX44,c167c03ef05db47d,2009-03-11
P1863,Diya,Agarwal,13,M,d***@hotmail.com,+91-8758XXXX59,0a889a04afa11860,2013-12-04
P1864,Anika,Singh,84,M,a***@rediffmail.com,+91-8760XXXX48,628e5a1b2b4b3345,1942-05-25
P1865,Ishaan,Mehta,25,M,i***@yahoo.com,+91-8553XXXX49,3b8d13741cd2b7bf,2001-03-13
P1866,Ishaan,Gupta,68,F,i***@outlook.com,+91-6714XXXX53,a0e21e54c953504c,1958-08-04
P1867,Kavya,Das,10,M,k***@outlook.com,+91-8462XXXX59,b71432d5ae76fd6e,2016-07-21
P1868,Myra,Patel,67,F,m***@gmail.com,+91-7201XXXX81,52f4bd30fb89930e,1959-02-28
P1869,Ira,Reddy,18,F,i***@hotmail.com,+91-7526XXXX53,995ad9ededa95db4,2008-09-02
P1870,Reyansh,Patel,86,F,r***@hotmail.com,+91-8679XXXX67,752b5b20e9382028,1940-07-28
P1871,Ananya,Kulkarni,34,F,a***@yahoo.com,+91-8152XXXX54,454c88e29b8b63fe,1992-05-23
P1872,Krishna,Joshi,8,M,k***@hotmail.com,+91-8324XXXX55,df32ee38fe11a113,2018-11-14
P1873,Shaurya,Reddy,40,M,s***@rediffmail.com,+91-7366XXXX51,a76bc87f926a76b2,1986-11-09
P1874,Muhammad,Naidu,83,F,m***@outlook.com,+91-6783XXXX00,ab62781bf46a23f5,1943-12-20
P1875,Ishaan, Agarwal,42,F,i***@rediffmail.com,+91-7175XXXX55,7dee5e39451306bb,1984-04-17
P1876,Arjun,Ghosh,41,M,a***@outlook.com,+91-9816XXXX90,057c29bb90a94502,1985-11-09
P1877,Ananya,Khan,6,F,a***@gmail.com,+91-9702XXXX40,fe1afdc07fcc6d12,2020-02-04
P1878,Kavya,Sharma,52,M,k***@yahoo.com,+91-8722XXXX19,8cfed3e4c0b65105,1974-11-01
P1879,Arjun,Kulkarni,26,F,a***@yahoo.com,+91-7125XXXX73,67aaa864e9483d11,2000-08-26
P1880,Reyansh,Khan,64,M,r***@gmail.com,+91-8591XXXX12,5e070b472c647399,1962-06-20
P1881,Shaurya,Gupta,59,F,s***@hotmail.com,+91-7439XXXX50,34dc7f3b2a7c68fd,1967-06-11
P1882,Krishna,Ghosh,56,F,k***@rediffmail.com,+91-8910XXXX26,34b267da558e4564,1970-09-06
P1883,Riya,Chatterjee,59,M,r***@rediffmail.com,+91-6313XXXX86,5c22678ade5399b8,1967-02-28
P1884,Ananya,Chatterjee,70,F,a***@outlook.com,+91-6447XXXX73,b52543cbefcb5179,1956-04-15
P1885,Ira,Chatterjee,33,F,i***@yahoo.com,+91-7113XXXX07,1ec753bfa105fdf0,1993-03-28
P1886,Diya,Pillai,53,M,d***@hotmail.com,+91-9773XXXX42,c28f75021accd68f,1973-02-23
P1887,Ira,Gupta,22,F,i***@yahoo.com,+91-8988XXXX06,5811c0d0aaf48d11,2004-12-12
P1888,Muhammad,Naidu,21,M,m***@hotmail.com,+91-7599XXXX07,1aa7bdd7e1fc6be1,2005-09-15
P1889,Aadhya,Patel,70,M,a***@hotmail.com,+91-6473XXXX86,bf2af5e21d2dd96c,1956-12-25
P1890,Reyansh,Sharma,70,F,r***@gmail.com,+91-6864XXXX75,11f68de381eb4cf0,1956-03-27
P1891,Shaurya,Banerjee,4,F,s***@yahoo.com,+91-6797XXXX69,c2677334ac922052,2022-06-06
P1892,Aadhya,Mehta,75,F,a***@gmail.com,+91-8481XXXX77,f0d46173c2df0820,1951-06-15
P1893,Ananya,Nair,62,F,a***@gmail.com,+91-8121XXXX51,35d0b6174942fc21,1964-07-10
P1894,Krishna,Naidu,62,F,k***@gmail.com,+91-8174XXXX18,8525dc17e14560cb,1964-10-06
P1895,Riya,Kulkarni,24,F,r***@rediffmail.com,+91-7644XXXX74,35092e17360cfa52,2002-10-17
P1896,Saanvi,Khan,55,F,s***@yahoo.com,+91-6634XXXX45,313e7af4d59c2bbf,1971-06-08
P1897,Krishna,Mehta,9,M,k***@outlook.com,+91-7357XXXX28,93d9735691f14720,2017-09-19
P1898,Shaurya,Singh,3,F,s***@hotmail.com,+91-9912XXXX86,641dd7057847aa34,2023-02-16
P1899,Shaurya,Ghosh,31,M,s***@gmail.com,+91-9212XXXX37,be5ae6aefdf68720,1995-02-10
P1900,Riya,Iyer,40,F,r***@hotmail.com,+91-7788XXXX59,52cf17679a376ebb,1986-12-17
P1901,Aarav,Patel,36,F,a***@hotmail.com,+91-7646XXXX15,a00f851fa161ab01,1990-10-21
P1902,Vivaan,Pillai,24,M,v***@hotmail.com,+91-6148XXXX11,c369a4ff4db7582b,2002-01-05
P1903,Aarav,Nair,6,F,a***@yahoo.com,+91-7767XXXX42,5cd7286c8802fc6a,2020-04-27
P1904,Shaurya,Joshi,66,F,s***@rediffmail.com,+91-8744XXXX83,4aeac9ff32b14ae3,1960-03-18
P1905,Vivaan, Pillai,84,M,v***@outlook.com,+91-7894XXXX47,a89d2dc4507534f2,1942-02-18
P1906,Sai,Chatterjee,75,F,s***@hotmail.com,+91-8570XXXX84,b3909bb2f5d39ce1,1951-06-28
P1907,Sai,Sharma,4,F,s***@outlook.com,+91-7475XXXX98,b00c2ceb191f046f,2022-06-22
P1908,Aadhya,Sharma,79,F,a***@rediffmail.com,+91-6573XXXX16,798b987ffbe22a63,1947-11-03
P1909,Ananya,Chatterjee,6,M,a***@rediffmail.com,+91-6764XXXX03,baa4d3e6ab7a78e0,2020-07-25
P1910,Krishna,Sharma,51,F,k***@hotmail.com,+91-6341XXXX44,edc43e1be3e94381,1975-12-08
P1911,Shaurya,Joshi,62,F,s***@rediffmail.com,+91-8470XXXX62,6d83feae56b8f417,1964-03-12
P1912,Diya, kulkarni,57,F,d***@gmail.com,+91-9964XXXX67,5763f8a9337e073c,1969-07-14
P1913,Ananya,Nair,66,F,a***@hotmail.com,+91-8597XXXX18,1dec369c941038fd,1960-10-14
P1914,Diya,Banerjee,79,M,d***@gmail.com,+91-7333XXXX48,db512701cc91e607,1947-11-06
P1915,Sai,Patel,75,M,s***@outlook.com,+91-7788XXXX09,dec396f3c552f089,1951-10-17
P1916,Myra,Das,8,F,m***@gmail.com,+91-6944XXXX95,2e00c560f40cb373,2018-05-27
P1917,Krishna,Gupta,26,F,k***@gmail.com,+91-8769XXXX20,d70e4329336a1c13,2000-03-14
P1918,Ananya,Ghosh,51,M,a***@gmail.com,+91-9269XXXX08,f2b8d8f89b457da5,1975-08-13
P1919,Aarav,Iyer,45,M,a***@rediffmail.com,+91-7923XXXX62,462b6c855c0d30b3,1981-06-03
P1920,Reyansh,Agarwal,44,F,r***@outlook.com,+91-6290XXXX40,b38a63a3b3a0efcd,1982-08-01
P1921,Ishaan,Chatterjee,5,M,i***@hotmail.com,+91-9281XXXX61,ebcf594285d79eb5,2021-12-10
P1922,Aditya,Ghosh,70,F,a***@outlook.com,+91-9564XXXX72,5ed3e2f9669d7f61,1956-01-10
P1923,Sai,Gupta,26,M,s***@rediffmail.com,+91-7604XXXX45,17d036212e628fc6,2000-06-24
P1924,Anika,Reddy,68,M,a***@outlook.com,+91-7624XXXX70,59a4165fc6674462,1958-02-06
P1925,Diya,Naidu,19,M,d***@outlook.com,+91-6265XXXX16,a36493d1d5873d4b,2007-11-28
P1926,Krishna,Iyer,84,M,k***@outlook.com,+91-6757XXXX58,417d21508215a15b,1942-01-23
P1927,Sai,Reddy,20,F,s***@gmail.com,+91-9444XXXX99,af6b222fe94bd6e3,2006-03-17
P1928,Shaurya,Agarwal,12,M,s***@gmail.com,+91-6288XXXX73,d8d773d40ce3511c,2014-03-13
P1929,Aarav,Sharma,47,M,a***@hotmail.com,+91-8745XXXX49,7d3c19c413756916,1979-03-03
P1930,Vivaan,Gupta,1,F,v***@gmail.com,+91-6630XXXX34,bef276b256e04222,2025-11-03
P1931,Arjun, Verma,14,M,a***@hotmail.com,+91-8880XXXX09,9f317b031172b4c4,2012-10-06
P1932,Ira,Gupta,64,M,i***@outlook.com,+91-9778XXXX08,52fa79c6dcf29d08,1962-07-16
P1933,Ira,Khan,38,F,i***@yahoo.com,+91-8462XXXX56,ebacad279f49dc08,1988-12-16
P1934,Shaurya,Verma,37,M,s***@rediffmail.com,+91-9271XXXX16,522addf9bfd07cbd,1989-08-26
P1935,Myra,Kulkarni,11,F,m***@yahoo.com,+91-9626XXXX47,6c697fd54b76c269,2015-05-11
P1936,Riya,Verma,77,F,r***@outlook.com,+91-7496XXXX23,9da067167db0c68b,1949-11-16
P1937,Anika,Gupta,3,F,a***@outlook.com,+91-8719XXXX36,5caa0be827860140,2023-08-01
P1938,Reyansh,Joshi,33,F,r***@outlook.com,+91-6512XXXX71,28293d7c6874c4af,1993-04-26
P1939,Reyansh,Mishra,6,M,r***@outlook.com,+91-7490XXXX39,f745b03a3ce77ba8,2020-06-16
P1940,Reyansh,Reddy,50,F,r***@outlook.com,+91-7984XXXX62,b153514fbf2b0405,1976-07-23
P1941,Riya,Naidu,10,M,r***@gmail.com,+91-8380XXXX02,06f21f222c467a56,2016-09-06
P1942,Riya,Pillai,5,M,r***@hotmail.com,+91-9914XXXX10,e38e4b3a6ce96c4c,2021-06-01
P1943,Shaurya,Naidu,23,M,s***@gmail.com,+91-6450XXXX50,0f12da9f9ef31b6c,2003-06-20
P1944,Riya,Gupta,10,M,r***@gmail.com,+91-8447XXXX55,afb789553f3b32aa,2016-09-06
P1945,Riya,Verma,44,M,r***@rediffmail.com,+91-7688XXXX27,bf932c9f4eae263e,1982-11-27
P1946,Aditya,Mehta,2,M,a***@yahoo.com,+91-9145XXXX06,9f89c4d583a69774,2024-05-16
P1947,Muhammad,Sharma,13,M,m***@gmail.com,+91-9690XXXX80,f885b53ab0a255ab,2013-10-12
P1948,Ishaan,Verma,40,M,i***@hotmail.com,+91-7526XXXX78,4a1eea27c8cec838,1986-04-25
P1949,Saanvi,Ghosh,2,M,s***@hotmail.com,+91-8459XXXX33,b01055df98b97c49,2024-04-06
P1950,Arjun,Mehta,84,M,a***@gmail.com,+91-6516XXXX80,ef57b46d2f98c0b5,1942-10-27
P1951,Vivaan,Banerjee,65,F,v***@outlook.com,+91-7648XXXX85,4c8b9bcf3fc8553c,1961-10-25
P1952,Myra,Das,63,F,m***@yahoo.com,+91-9615XXXX96,ca7a7768916574cd,1963-05-01
P1953,Kavya,Iyer,73,F,k***@outlook.com,+91-9509XXXX90,b60aa19b4f0e0c20,1953-11-01
P1954,Anika,Agarwal,17,M,a***@outlook.com,+91-6228XXXX81,204ab3b0c687f968,2009-12-08
P1955,Aarav,Das,9,F,a***@rediffmail.com,+91-8389XXXX59,d98e1048e3cf000a,2017-07-27
P1956,Aarav,Iyer,75,F,a***@rediffmail.com,+91-9287XXXX95,ae8810e761e5d9a6,1951-04-23
P1957,Ishaan,Verma,15,F,i***@rediffmail.com,+91-6798XXXX45,d55568158e044e98,2011-08-27
P1958,Arjun,Ghosh,24,M,a***@rediffmail.com,+91-7500XXXX87,b98323ab63dcf0bd,2002-06-25
P1959,Sai,Khan,38,M,s***@outlook.com,+91-7974XXXX01,4ca6f6602bef533a,1988-08-25
P1960,Kavya,Mishra,35,M,k***@hotmail.com,+91-7145XXXX16,8dd2e075ffbac8e2,1991-07-04
P1961,Muhammad,Iyer,49,M,m***@hotmail.com,+91-6657XXXX00,4859d4cdf139ccce,1977-09-13
P1962,Krishna,Singh,69,F,k***@hotmail.com,+91-9335XXXX49,2f358d2862f97987,1957-03-03
P1963,Sara,Pillai,62,F,s***@outlook.com,+91-7911XXXX85,605d00e932d87bb1,1964-03-27
P1964,Shaurya,Verma,60,F,s***@gmail.com,+91-6372XXXX80,4304c578967cd63f,1966-05-14
P1965,Aarav,Banerjee,50,F,a***@hotmail.com,+91-9782XXXX52,5cd2766194aa5599,1976-09-25
P1966,Riya,Singh,78,M,r***@gmail.com,+91-9839XXXX06,32950efecc625f4c,1948-02-03
P1967,Ananya,Iyer,75,M,a***@yahoo.com,+91-6588XXXX91,54fd52c90bb22909,1951-07-04
P1968,Shaurya,Patel,9,M,s***@gmail.com,+91-7737XXXX07,0e02686111304d8b,2017-05-19
P1969,Shaurya,Chatterjee,34,F,s***@gmail.com,+91-9286XXXX52,a7af738775eee0f9,1992-08-16
P1970,Vivaan,Verma,76,M,v***@yahoo.com,+91-6515XXXX53,27e4a483a33145c3,1950-02-06
P1971,Vivaan,Ghosh,35,M,v***@yahoo.com,+91-7894XXXX20,5f38f9ee25040bf3,1991-07-16
P1972,Aditya,Joshi,1,F,a***@gmail.com,+91-8568XXXX25,4743f8e172c5bd8d,2025-02-01
P1973,Kavya,Mishra,40,F,k***@yahoo.com,+91-6712XXXX80,bb9a923f5f0d09a6,1986-02-18
P1974,Kavya,Mishra,64,M,k***@gmail.com,+91-7317XXXX98,289e2fb30c388c7e,1962-10-17
P1975,Riya,Patel,22,M,r***@gmail.com,+91-8971XXXX08,f3e604b3e3f14d76,2004-07-18
P1976,Reyansh,Khan,60,M,r***@hotmail.com,+91-6256XXXX86,867238b56400e24e,1966-04-27
P1977,Shaurya,Joshi,64,M,s***@outlook.com,+91-9164XXXX12,3a459bb942c55225,1962-08-20
P1978,Vivaan,Sharma,72,M,v***@hotmail.com,+91-9793XXXX92,998d8c52daf0ec94,1954-09-03
P1979,Kavya,Gupta,11,M,k***@yahoo.com,+91-6496XXXX95,461b0a423820f0cd,2015-08-13
P1980,Arjun,Ghosh,14,F,a***@hotmail.com,+91-7603XXXX12,6d4eaff47dd49f2a,2012-10-17
P1981,Diya,Gupta,60,F,d***@yahoo.com,+91-8448XXXX18,5ccc18aaec3db18b,1966-07-22
P1982,Aadhya,Das,30,F,a***@yahoo.com,+91-7961XXXX89,2f7f009123cd8f25,1996-12-24
P1983,Muhammad,Khan,35,M,m***@outlook.com,+91-6371XXXX37,66e12f05c1382574,1991-05-17
P1984,Ishaan,Singh,85,F,i***@hotmail.com,+91-9313XXXX50,e86a621243dae587,1941-03-04
P1985,Aadhya,Nair,37,M,a***@outlook.com,+91-6144XXXX78,50fba38a3c8e1522,1989-01-01
P1986,Diya,Khan,5,M,d***@gmail.com,+91-8918XXXX94,319ca8b8fabcba50,2021-08-04
P1987,Saanvi,Patel,83,F,s***@gmail.com,+91-7536XXXX41,c4e776c17a4f0564,1943-07-19
P1988,Kavya,Iyer,78,M,k***@hotmail.com,+91-9579XXXX43,82efc0dc0033e01f,1948-09-25
P1989,Reyansh,Chatterjee,26,M,r***@outlook.com,+91-7822XXXX52,21506dd659a38fcc,2000-04-12
P1990,Arjun,Agarwal,62,F,a***@yahoo.com,+91-6745XXXX53,e9a34358e405f325,1964-07-20
P1991,Aarav,Sharma,4,F,a***@rediffmail.com,+91-6837XXXX54,2d9fdbac881625bc,2022-07-24
P1992,Diya,Singh,89,F,d***@hotmail.com,+91-7138XXXX36,97dbdf96a34ee7e5,1937-09-09
P1993,Muhammad,Naidu,42,M,m***@rediffmail.com,+91-7414XXXX35,c0766b62dda88962,1984-10-02
P1994,Diya,Kulkarni,89,F,d***@hotmail.com,+91-7409XXXX53,e2a72133646044e4,1937-03-18
P1995,Arjun,Verma,18,F,a***@gmail.com,+91-9244XXXX02,8f14068340a99d3f,2008-08-06
P1996,Ira,Nair,40,M,i***@gmail.com,+91-7274XXXX87,fad9afd29f38c729,1986-09-24
P1997,Aadhya,Reddy,72,F,a***@rediffmail.com,+91-9795XXXX62,338b0c394b2d57ce,1954-01-07
P1998,Shaurya,Kulkarni,39,F,s***@gmail.com,+91-8420XXXX51,7c5529fe07b36b1d,1987-04-14
P1999,Ananya,Pillai,14,F,a***@yahoo.com,+91-9733XXXX90,2bee7707399d1456,2012-12-15
